track_name,album_name,energy,valence,reading_grade,syllable_density,lexical_diversity,bridge_shift,thematic_dna,energy_is_predicted,valence_is_predicted,cluster_id,umap_x,umap_y,top_driver,archetype_name,archetype_desc,symbol
Tim McGraw,Taylor Swift,0.491,0.425,0.5298360655737717,1.1420765027322404,0.3333333333333333,0.1779,"hope, blue, chest, faded, jeans",False,False,0,-0.90173393,5.977332,reading_grade,Quill Pen,"Poetic & Archaic (High Complexity, Low Energy)",diamond-wide
Picture To Burn,Taylor Swift,0.877,0.821,3.0835857329067444,1.2508591065292096,0.37800687285223367,-0.9552,"pickup, redneck, wasted, truck, lyin",False,False,2,4.5410037,7.0542707,reading_grade,Glitter Gel Pen,"Frivolous & Upbeat (High Energy, High Valence)",diamond-wide
Teardrops On My Guitar,Taylor Swift,0.417,0.289,1.0256388888888885,1.1701388888888888,0.4513888888888889,-1.2090999999999998,"drew, wishing, singing, reason, star",False,False,1,0.19331059,5.157587,bridge_shift,Fountain Pen,Modern Confessional (Specific Storytelling),diamond-wide
A Place In This World,Taylor Swift,0.777,0.428,1.0361111111111114,1.125,0.35344827586206895,-0.2912,"strong, just, wrong, mystery, sleeve",False,False,3,0.8969413,9.073766,energy,Revenge Anthem,"Angst & Power (High Energy, Low Valence)",diamond-wide
Cold As You,Taylor Swift,0.482,0.261,2.2396234817813756,1.2388663967611335,0.41700404858299595,-1.9162,"rainy, given, sitting, shame, ending",False,False,1,3.220592,5.934939,bridge_shift,Fountain Pen,Modern Confessional (Specific Storytelling),diamond-wide
The Outside,Taylor Swift,0.805,0.591,1.6752384891094572,1.2136752136752136,0.3888888888888889,0.0,"lets, looking, view, lonely, lot",False,False,3,2.200862,8.46924,reading_grade,Revenge Anthem,"Angst & Power (High Energy, Low Valence)",diamond-wide
Tied Together With A Smile,Taylor Swift,0.578,0.192,1.967057367829021,1.2480314960629921,0.3464566929133858,-0.9498,"letting, undone, jumping, coming, losing",False,False,4,3.048106,6.06206,lexical_diversity,Standard Pop,Radio-Ready (Mid-Range Baseline Production),diamond-wide
Stay Beautiful,Taylor Swift,0.629,0.504,3.0028604557370464,1.3486590038314177,0.4482758620689655,-0.9415,"leads, piece, looked, ask, hope",False,False,2,4.711796,6.227366,bridge_shift,Glitter Gel Pen,"Frivolous & Upbeat (High Energy, High Valence)",diamond-wide
Should've Said No,Taylor Swift,0.777,0.472,1.148409090909091,1.1761363636363635,0.3096590909090909,-0.798,"shouldn, fore, begging, forgiveness, twice",False,False,3,0.010075078,7.9937034,lexical_diversity,Revenge Anthem,"Angst & Power (High Energy, Low Valence)",diamond-wide
Mary's Song (Oh My My My),Taylor Swift,0.627,0.374,1.326675981873116,1.1601208459214503,0.4501510574018127,-0.5263,"mamas, smiled, eighty, rolled, shined",False,False,1,1.0071247,6.205202,lexical_diversity,Fountain Pen,Modern Confessional (Specific Storytelling),diamond-wide
Our Song,Taylor Swift,0.672,0.539,1.5126451983898832,1.1891891891891893,0.3783783783783784,0.7363999999999999,"late, tappin, amen, slammin, sneakin",False,False,3,1.5362412,8.518552,syllable_density,Revenge Anthem,"Angst & Power (High Energy, Low Valence)",diamond-wide
I'm Only Me When I'm With You,Taylor Swift,0.934,0.518,1.2841729323308293,1.1907894736842106,0.34539473684210525,0.443,"half, crazy, true, matter, tryin",False,False,3,1.6610433,9.166928,syllable_density,Revenge Anthem,"Angst & Power (High Energy, Low Valence)",diamond-wide
Invisible,Taylor Swift,0.394,0.233,2.0931000000000033,1.292,0.324,0.6772,"unbelievable, miracle, just, light, instead",False,False,4,2.1598916,4.4073677,reading_grade,Standard Pop,Radio-Ready (Mid-Range Baseline Production),diamond-wide
A Perfectly Good Heart,Taylor Swift,0.751,0.268,1.5702775441547523,1.2672413793103448,0.3103448275862069,0.0,"wanna, break, tear, scar, apart",False,False,3,2.2135193,6.977059,reading_grade,Revenge Anthem,"Angst & Power (High Energy, Low Valence)",diamond-wide
Teardrops On My Guitar (Pop Version),Taylor Swift,0.753,0.483,1.0341915807560156,1.168384879725086,0.4536082474226804,-1.2090999999999998,"drew, wishing, singing, reason, star",False,False,3,-0.29390156,7.663465,energy,Revenge Anthem,"Angst & Power (High Energy, Low Valence)",diamond-wide
Fearless,Fearless,0.714,0.467,1.227590233545648,1.1369426751592357,0.35987261146496813,0.2329,"drag, dance, storm, gets, head",False,False,3,1.0408262,9.330894,lexical_diversity,Revenge Anthem,"Angst & Power (High Energy, Low Valence)",diamond
Fifteen,Fearless,0.636,0.214,1.6396121453900712,1.1901041666666667,0.4557291666666667,-0.6922,"tells, gonna, somebody, breath, deep",False,False,1,1.4625106,6.070604,bridge_shift,Fountain Pen,Modern Confessional (Specific Storytelling),diamond
Love Story,Fearless,0.736,0.307,1.8098214285714285,1.2142857142857142,0.4021164021164021,0.1876,"romeo, juliet, yes, waiting, princess",False,False,3,2.1579185,6.612692,reading_grade,Revenge Anthem,"Angst & Power (High Energy, Low Valence)",diamond
Hey Stephen,Fearless,0.553,0.825,1.5582818347054435,1.1733668341708543,0.34673366834170855,-0.5203,"help, mmm, angel, feeling, magic",False,False,3,-0.7401795,8.736399,reading_grade,Revenge Anthem,"Angst & Power (High Energy, Low Valence)",diamond
White Horse,Fearless,0.346,0.195,1.5784827166927222,1.1914191419141915,0.42244224422442245,-0.6978,"late, ain, whoa, princess, catch",False,False,1,0.8635119,4.6551166,bridge_shift,Fountain Pen,Modern Confessional (Specific Storytelling),diamond
You Belong With Me,Fearless,0.771,0.445,1.4206775304580255,1.1738035264483626,0.3702770780856423,-0.038000000000000034,"understands, bout, captain, wears, cheer",False,False,3,1.2163322,9.245408,reading_grade,Revenge Anthem,"Angst & Power (High Energy, Low Valence)",diamond
Breathe,Fearless,0.486,0.17,2.095732780504317,1.220447284345048,0.3610223642172524,1.6512,"easy, save, simple, break, feeling",False,False,4,2.1738267,3.8950667,bridge_shift,Standard Pop,Radio-Ready (Mid-Range Baseline Production),diamond
Tell Me Why,Fearless,0.852,0.513,0.8575893027698207,1.1375358166189111,0.31805157593123207,1.3426,"sick, temper, tired, doing, yes",False,False,0,1.7081134,9.21987,syllable_density,Quill Pen,"Poetic & Archaic (High Complexity, Low Energy)",diamond
You're Not Sorry,Fearless,0.459,0.281,1.8872456532966098,1.2006369426751593,0.3630573248407643,-0.11320000000000002,"anymore, straw, believe, pick, phone",False,False,4,1.4885012,5.1778197,lexical_diversity,Standard Pop,Radio-Ready (Mid-Range Baseline Production),diamond
The Way I Loved You,Fearless,0.712,0.379,2.080062483728195,1.2574850299401197,0.3532934131736527,-1.8801,"roller, coaster, kissing, cursing, breaking",False,False,2,0.830654,7.044454,bridge_shift,Glitter Gel Pen,"Frivolous & Upbeat (High Energy, High Valence)",diamond
Forever & Always,Fearless,0.829,0.514,1.7280864197530867,1.219753086419753,0.29876543209876544,-1.1160999999999999,"rains, bedroom, feel, hasn, stare",False,False,3,0.24304704,8.0240965,bridge_shift,Revenge Anthem,"Angst & Power (High Energy, Low Valence)",diamond
The Best Day,Fearless,0.447,0.364,1.95730614973262,1.1448863636363635,0.48011363636363635,0.040100000000000025,"trees, set, going, far, drive",False,False,1,0.72478175,5.8334975,lexical_diversity,Fountain Pen,Modern Confessional (Specific Storytelling),diamond
Change,Fearless,0.756,0.224,2.497818718565494,1.271375464684015,0.45353159851301117,0.8806,"hallelujah, sing, revolution, fight, walls",False,False,2,3.3530865,5.190941,bridge_shift,Glitter Gel Pen,"Frivolous & Upbeat (High Energy, High Valence)",diamond
Jump Then Fall,Fearless,0.687,0.82,1.1915879265091895,1.188976377952756,0.3228346456692913,-1.1998,"shine, catch, gonna, woah, sound",False,False,3,-0.68906045,8.74099,bridge_shift,Revenge Anthem,"Angst & Power (High Energy, Low Valence)",diamond
Untouchable,Fearless,0.454,0.288,2.124477216332057,1.1985111662531018,0.19602977667493796,0.0776,"spelling, million, middle, dream, stars",False,False,4,1.8457345,5.1612,reading_grade,Standard Pop,Radio-Ready (Mid-Range Baseline Production),diamond
Forever & Always (Piano Version),Fearless,0.16,0.294,1.7478571428571463,1.2214285714285715,0.29285714285714287,-0.8458,"rains, bedroom, feel, hasn, stare",False,False,4,1.3411356,4.6342397,lexical_diversity,Standard Pop,Radio-Ready (Mid-Range Baseline Production),diamond
Come In With The Rain,Fearless,0.475,0.224,0.6813231441048053,1.1266375545851528,0.36681222707423583,-1.2216,"hoping, open, tired, anymore, window",False,False,0,-0.63267887,5.3540535,reading_grade,Quill Pen,"Poetic & Archaic (High Complexity, Low Energy)",diamond
SuperStar,Fearless,0.531,0.228,2.236617647058825,1.2463235294117647,0.40441176470588236,-0.3036,"special, photograph, dim, desperately, spotlight",False,False,4,3.4729064,6.013933,reading_grade,Standard Pop,Radio-Ready (Mid-Range Baseline Production),diamond
The Other Side Of The Door,Fearless,0.816,0.469,1.7398207104557635,1.2117962466487935,0.41823056300268097,0.6375,"leave, pebbles, throwing, window, pouring",False,False,3,1.88217,8.722605,reading_grade,Revenge Anthem,"Angst & Power (High Energy, Low Valence)",diamond
Fearless (Taylor's Version),Fearless (TV),0.741,0.43,1.3193010752688181,1.1483870967741936,0.36774193548387096,0.2329,"headfirst, drag, dance, storm, gets",False,False,3,1.199061,9.34793,lexical_diversity,Revenge Anthem,"Angst & Power (High Energy, Low Valence)",cross
Fifteen (Taylor's Version),Fearless (TV),0.646,0.289,1.5755275974025977,1.1896103896103896,0.45454545454545453,-0.42040000000000005,"tells, gonna, somebody, deep, breath",False,False,1,1.3463136,6.1780906,lexical_diversity,Fountain Pen,Modern Confessional (Specific Storytelling),cross
Love Story (Taylor's Version),Fearless (TV),0.792,0.415,1.8098214285714285,1.2142857142857142,0.4021164021164021,0.1876,"romeo, juliet, yes, waiting, princess",False,False,3,1.9115995,8.429175,reading_grade,Revenge Anthem,"Angst & Power (High Energy, Low Valence)",cross
Hey Stephen (Taylor's Version),Fearless (TV),0.571,0.797,1.2566097087378658,1.1553398058252426,0.3422330097087379,-0.5709,"mmm, help, feelin, angel, magic",False,False,3,-0.7709199,8.728366,valence,Revenge Anthem,"Angst & Power (High Energy, Low Valence)",cross
White Horse (Taylor's Version),Fearless (TV),0.517,0.366,1.5401315789473706,1.194078947368421,0.42105263157894735,-0.7673,"late, ain, princess, catch, stairwell",False,False,1,0.89645725,6.354872,bridge_shift,Fountain Pen,Modern Confessional (Specific Storytelling),cross
You Belong With Me (Taylor's Version),Fearless (TV),0.773,0.474,1.5864690117252955,1.1633165829145728,0.3743718592964824,0.1896,"understands, wears, captain, bout, cheer",False,False,3,1.3661983,9.104206,reading_grade,Revenge Anthem,"Angst & Power (High Energy, Low Valence)",cross
Breathe (Taylor's Version),Fearless (TV),0.626,0.321,1.9503773584905666,1.2169811320754718,0.36163522012578614,1.4611999999999998,"easy, save, mmm, simple, break",False,False,4,2.3279226,3.6431937,bridge_shift,Standard Pop,Radio-Ready (Mid-Range Baseline Production),cross
Tell Me Why (Taylor's Version),Fearless (TV),0.909,0.541,0.8196781609195405,1.1350574712643677,0.31896551724137934,1.2789000000000001,"sick, temper, tired, doing, yes",False,False,3,1.6976165,9.2110615,energy,Revenge Anthem,"Angst & Power (High Energy, Low Valence)",cross
You're Not Sorry (Taylor's Version),Fearless (TV),0.444,0.241,1.4737662337662378,1.1850649350649352,0.35714285714285715,0.5121,"anymore, straw, believe, pick, phone",False,False,4,1.4103442,4.281348,lexical_diversity,Standard Pop,Radio-Ready (Mid-Range Baseline Production),cross
The Way I Loved You (Taylor's Version),Fearless (TV),0.732,0.472,1.3439910638811732,1.2071005917159763,0.35502958579881655,-1.7756,"breakin, rollercoaster, cursin, kissin, fightin",False,False,3,0.05200422,7.4995747,bridge_shift,Revenge Anthem,"Angst & Power (High Energy, Low Valence)",cross
Forever & Always (Taylor's Version),Fearless (TV),0.821,0.673,1.9053732201927218,1.21760391198044,0.30317848410757947,-1.0908,"rains, everythin, bedroom, feel, hasn",False,False,3,-0.07645232,8.467746,bridge_shift,Revenge Anthem,"Angst & Power (High Energy, Low Valence)",cross
The Best Day (Taylor's Version),Fearless (TV),0.576,0.469,2.1817426770485717,1.1350574712643677,0.48563218390804597,0.038999999999999924,"trees, set, far, drive, house",False,False,1,0.7883781,5.981353,lexical_diversity,Fountain Pen,Modern Confessional (Specific Storytelling),cross
Change (Taylor's Version),Fearless (TV),0.815,0.344,3.0787184873949585,1.2610294117647058,0.4852941176470588,0.6720999999999999,"hallelujah, sing, revolution, fight, walls",False,False,2,4.3455753,5.5959287,lexical_diversity,Glitter Gel Pen,"Frivolous & Upbeat (High Energy, High Valence)",cross
Jump Then Fall (Taylor's Version),Fearless (TV),0.69,0.624,1.131192553810358,1.1832460732984293,0.32460732984293195,-1.1979,"shine, catch, gonna, woah, sound",False,False,3,-0.7425041,7.763564,bridge_shift,Revenge Anthem,"Angst & Power (High Energy, Low Valence)",cross
Untouchable (Taylor's Version),Fearless (TV),0.531,0.224,1.7760606060606072,1.1742424242424243,0.19444444444444445,-0.5994,"spellin, gotta, million, middle, dream",False,False,0,1.5906126,5.141818,lexical_diversity,Quill Pen,"Poetic & Archaic (High Complexity, Low Energy)",cross
Forever & Always (Piano Version) [Taylor's Version],Fearless (TV),0.273,0.271,1.7956513062409307,1.2139423076923077,0.30528846153846156,-0.8458,"rains, everythin, bedroom, feel, hasn",False,False,4,1.4113798,4.648844,lexical_diversity,Standard Pop,Radio-Ready (Mid-Range Baseline Production),cross
Come In With The Rain (Taylor's Version),Fearless (TV),0.564,0.167,0.43070573320186156,1.1135371179039302,0.37117903930131,-1.2216,"hopin, open, tired, anymore, window",False,False,0,-0.69857085,5.4238324,reading_grade,Quill Pen,"Poetic & Archaic (High Complexity, Low Energy)",cross
SuperStar (Taylor's Version),Fearless (TV),0.555,0.171,1.6469785575048732,1.2259259259259259,0.4148148148148148,1.1063999999999998,"special, photograph, desperately, dim, spotlight",False,False,4,2.3037,4.014924,bridge_shift,Standard Pop,Radio-Ready (Mid-Range Baseline Production),cross
The Other Side Of The Door (Taylor's Version),Fearless (TV),0.873,0.629,1.2695539879394708,1.1657754010695187,0.4144385026737968,0.6504,"pourin, leave, pebbles, throwin, window",False,False,3,1.5996382,9.013044,reading_grade,Revenge Anthem,"Angst & Power (High Energy, Low Valence)",cross
Today Was A Fairytale (Taylor's Version),Fearless (TV),0.779,0.328,1.4043281653746789,1.2296511627906976,0.27906976744186046,-0.3745,"kissed, slows, magic, standing, air",False,False,3,2.0025382,7.236467,syllable_density,Revenge Anthem,"Angst & Power (High Energy, Low Valence)",cross
You All Over Me (Taylor's Version) [From The Vault],Fearless (TV),0.494,0.44,0.7106484641638247,1.1331058020477816,0.4402730375426621,-0.9455,"held, reminds, freedom, got, learned",False,False,1,-0.12200729,5.6421795,energy,Fountain Pen,Modern Confessional (Specific Storytelling),cross
Mr. Perfectly Fine (Taylor's Version) [From The Vault],Fearless (TV),0.817,0.714,3.599423186750432,1.3592233009708738,0.4174757281553398,1.3763,"hello, revolves, misery, casually, goodbye",False,False,2,3.7672184,7.6833515,reading_grade,Glitter Gel Pen,"Frivolous & Upbeat (High Energy, High Valence)",cross
We Were Happy (Taylor's Version) [From The Vault],Fearless (TV),0.373,0.13,0.6539861751152074,1.1814516129032258,0.39919354838709675,-1.6589999999999998,"farm, laughed, talkin, showed, bout",False,False,1,-0.12359343,5.0859447,bridge_shift,Fountain Pen,Modern Confessional (Specific Storytelling),cross
That's When (Taylor's Version) [From The Vault],Fearless (TV),0.608,0.508,-0.16981840357771816,1.085987261146497,0.3089171974522293,1.2551999999999999,"stormin, sunny, gate, cryin, laughin",False,False,0,-2.0643091,6.183024,reading_grade,Quill Pen,"Poetic & Archaic (High Complexity, Low Energy)",cross
Don't You (Taylor's Version) [From The Vault],Fearless (TV),0.473,0.405,0.2137844611528834,1.0701754385964912,0.3991228070175439,0.15889999999999999,"missed, ask, feel, stare, swore",False,False,0,-0.6916891,5.8137975,syllable_density,Quill Pen,"Poetic & Archaic (High Complexity, Low Energy)",cross
Bye Bye Baby (Taylor's Version) [From The Vault],Fearless (TV),0.624,0.527,1.2468066083576268,1.1749271137026238,0.31486880466472306,-1.5652,"sympathy, thought, took, couldn, just",False,False,3,-0.79275143,7.406593,lexical_diversity,Revenge Anthem,"Angst & Power (High Energy, Low Valence)",cross
Mine,Speak Now,0.757,0.658,2.0827868168544015,1.2107843137254901,0.39705882352941174,0.27649999999999997,"yes, careful, careless, rebel, hold",False,False,3,2.3046563,8.3923235,reading_grade,Revenge Anthem,"Angst & Power (High Energy, Low Valence)",hexagon
Sparks Fly,Speak Now,0.787,0.374,2.3914063992359154,1.2034383954154728,0.37249283667621774,-0.30500000000000005,"sidewalk, haunt, pouring, drop, green",False,False,3,2.5766246,6.949163,syllable_density,Revenge Anthem,"Angst & Power (High Energy, Low Valence)",hexagon
Back To December,Speak Now,0.67,0.286,1.8271056603773594,1.195754716981132,0.35141509433962265,-0.03590000000000004,"realized, swallowing, wishin, missin, freedom",False,False,3,2.213527,6.7582655,reading_grade,Revenge Anthem,"Angst & Power (High Energy, Low Valence)",hexagon
Dear John,Speak Now,0.47,0.102,0.8027659574468089,1.1303191489361701,0.449468085106383,-0.4491,"young, messed, known, cried, gone",False,False,1,-0.14480498,5.003877,bridge_shift,Fountain Pen,Modern Confessional (Specific Storytelling),hexagon
Mean,Speak Now,0.761,0.789,1.5944863315696658,1.217283950617284,0.3333333333333333,0.04910000000000003,"big, someday, gotta, ole, livin",False,False,3,-0.33235794,8.911105,syllable_density,Revenge Anthem,"Angst & Power (High Energy, Low Valence)",hexagon
The Story Of Us,Speak Now,0.818,0.683,1.3179778270509992,1.1618625277161863,0.352549889135255,0.1593,"killin, speakin, dyin, twist, tragedy",False,False,3,0.15962505,8.953898,reading_grade,Revenge Anthem,"Angst & Power (High Energy, Low Valence)",hexagon
Never Grow Up,Speak Now,0.305,0.554,1.9131171171171175,1.2387387387387387,0.35585585585585583,0.6395,"darling, grown, simple, just, tuck",False,False,4,3.3063421,4.2603483,bridge_shift,Standard Pop,Radio-Ready (Mid-Range Baseline Production),hexagon
Enchanted,Speak Now,0.623,0.208,2.219189081929624,1.2864450127877238,0.37084398976982097,-0.23749999999999993,"meet, wonderstruck, wonderin, spend, blushin",False,False,2,3.4401886,5.943626,syllable_density,Glitter Gel Pen,"Frivolous & Upbeat (High Energy, High Valence)",hexagon
Better Than Revenge,Speak Now,0.917,0.635,2.3686356668369974,1.2233009708737863,0.35145631067961164,0.0952,"woah, stealing, mattress, applause, playground",False,False,3,2.4424877,8.331247,syllable_density,Revenge Anthem,"Angst & Power (High Energy, Low Valence)",hexagon
Innocent,Speak Now,0.608,0.17,1.8194694317263682,1.2531645569620253,0.40822784810126583,0.5664,"wasn, alright, bright, balance, thirty",False,False,4,2.6515758,4.940308,bridge_shift,Standard Pop,Radio-Ready (Mid-Range Baseline Production),hexagon
Haunted,Speak Now,0.95,0.352,0.7978187796857874,1.1801242236024845,0.33229813664596275,0.7263000000000001,"figured, thought, gone, terribly, leave",False,False,3,1.5925858,9.344524,energy,Revenge Anthem,"Angst & Power (High Energy, Low Valence)",hexagon
Last Kiss,Speak Now,0.341,0.196,1.3596551724137953,1.1625615763546797,0.3669950738916256,-0.09149999999999991,"lips, imagined, wearing, sit, clothes",False,False,4,0.94239676,4.214881,lexical_diversity,Standard Pop,Radio-Ready (Mid-Range Baseline Production),hexagon
Long Live,Speak Now,0.68,0.142,1.1246218272255142,1.18140589569161,0.3786848072562358,1.6073,"pretenders, bring, crashed, screaming, remembered",False,False,4,1.9833055,3.3576393,bridge_shift,Standard Pop,Radio-Ready (Mid-Range Baseline Production),hexagon
Ours,Speak Now,0.569,0.238,1.447046979865771,1.191275167785235,0.4463087248322148,0.05249999999999999,"worry, rocks, throw, stakes, rough",False,False,1,1.4746422,5.9962506,lexical_diversity,Fountain Pen,Modern Confessional (Specific Storytelling),hexagon
If This Was A Movie,Speak Now,0.719,0.289,1.2649243321489685,1.138702460850112,0.319910514541387,-0.1926,"work, stand, came, til, ending",False,False,0,0.8218156,8.910191,syllable_density,Quill Pen,"Poetic & Archaic (High Complexity, Low Energy)",hexagon
Superman,Speak Now,0.765,0.559,1.5751179883945845,1.2287234042553192,0.34308510638297873,-0.06980000000000008,"save, watch, away, forget, someday",False,False,3,2.2659261,8.218179,reading_grade,Revenge Anthem,"Angst & Power (High Energy, Low Valence)",hexagon
State Of Grace,Red,0.825,0.397,1.2298918621700885,1.1906158357771262,0.3519061583577713,0.7061999999999999,"coming, saw, worthwhile, mosaic, ruthless",False,False,3,1.6015044,9.33209,syllable_density,Revenge Anthem,"Angst & Power (High Energy, Low Valence)",triangle-down
Red,Red,0.896,0.641,3.389304347826087,1.3043478260869565,0.40372670807453415,-0.9881,"loving, burning, forgetting, missing, losing",False,False,2,4.7513185,6.742595,reading_grade,Glitter Gel Pen,"Frivolous & Upbeat (High Energy, High Valence)",triangle-down
Treacherous,Red,0.621,0.395,0.9998375812093947,1.2183908045977012,0.3831417624521073,-1.0604,"follow, slope, echoed, path, sleepless",False,False,3,0.15073246,7.07377,bridge_shift,Revenge Anthem,"Angst & Power (High Energy, Low Valence)",triangle-down
I Knew You Were Trouble,Red,0.469,0.679,1.3250908521303266,1.1979949874686717,0.2832080200501253,-0.6716,"walked, flew, shame, ing, drowning",False,False,3,-0.8446845,8.321492,lexical_diversity,Revenge Anthem,"Angst & Power (High Energy, Low Valence)",triangle-down
All Too Well,Red,0.609,0.337,1.9038370118845513,1.2129032258064516,0.42795698924731185,-0.09870000000000001,"remember, bout, scarf, cause, maybe",False,False,1,1.7328694,6.211879,lexical_diversity,Fountain Pen,Modern Confessional (Specific Storytelling),triangle-down
22,Red,0.729,0.668,1.984328358208959,1.291044776119403,0.3009950248756219,-0.1914999999999999,"nights, feels, alright, gotta, ditch",False,False,3,3.1525257,7.8768935,lexical_diversity,Revenge Anthem,"Angst & Power (High Energy, Low Valence)",triangle-down
I Almost Do,Red,0.481,0.233,1.5117338834450749,1.187725631768953,0.33935018050541516,1.3611,"hope, takes, chair, sittin, week",False,False,4,1.9680415,3.6592982,bridge_shift,Standard Pop,Radio-Ready (Mid-Range Baseline Production),triangle-down
We Are Never Ever Getting Back Together,Red,0.676,0.75,3.4239473684210537,1.2973684210526315,0.34210526315789475,0.3896,"friends, telling, called, used, remember",False,False,2,3.7104514,7.6476336,reading_grade,Glitter Gel Pen,"Frivolous & Upbeat (High Energy, High Valence)",triangle-down
Stay Stay Stay,Red,0.748,0.928,1.1410139267555834,1.151057401812689,0.3564954682779456,-0.12080000000000002,"loving, quite, funny, took, helmet",False,False,3,-0.60711646,8.949156,valence,Revenge Anthem,"Angst & Power (High Energy, Low Valence)",triangle-down
The Last Time,Red,0.443,0.123,0.8840178571428581,1.1216814159292035,0.252212389380531,-0.7483,"asking, eye, list, blink, break",False,False,0,-1.0245022,5.473298,syllable_density,Quill Pen,"Poetic & Archaic (High Complexity, Low Energy)",triangle-down
Holy Ground,Red,0.816,0.648,1.2622476544807526,1.217081850533808,0.4412811387900356,-0.04760000000000009,"dance, tonight, looking, stood, wanna",False,False,3,1.9784981,8.6553955,energy,Revenge Anthem,"Angst & Power (High Energy, Low Valence)",triangle-down
Sad Beautiful Tragic,Red,0.34,0.261,3.304347826086957,1.3478260869565217,0.5163043478260869,-0.8713,"magic, affair, tracks, try, cities",False,False,2,4.456374,4.912006,lexical_diversity,Glitter Gel Pen,"Frivolous & Upbeat (High Energy, High Valence)",triangle-down
The Lucky One,Red,0.499,0.545,1.7757485029940128,1.188622754491018,0.38323353293413176,-0.8322,"loves, lights, everybody, pretty, let",False,False,3,0.7367515,7.1527257,bridge_shift,Revenge Anthem,"Angst & Power (High Energy, Low Valence)",triangle-down
Everything Has Changed,Red,0.458,0.436,1.197314986600702,1.2018140589569162,0.2471655328798186,-0.6727,"wanna, yesterday, hello, just, making",False,False,3,0.04867999,6.63995,syllable_density,Revenge Anthem,"Angst & Power (High Energy, Low Valence)",triangle-down
Starlight,Red,0.777,0.587,2.0746178861788636,1.2560975609756098,0.34146341463414637,0.1473,"nines, tune, marvelous, impossible, dream",False,False,3,2.6946802,8.150202,reading_grade,Revenge Anthem,"Angst & Power (High Energy, Low Valence)",triangle-down
Begin Again,Red,0.526,0.323,1.5652633136094671,1.1745562130177514,0.378698224852071,0.026599999999999985,"wednesday, spending, watched, strange, months",False,False,4,1.4178029,5.7210693,lexical_diversity,Standard Pop,Radio-Ready (Mid-Range Baseline Production),triangle-down
The Moment I Knew,Red,0.506,0.275,1.3271490704009956,1.2478134110787171,0.41690962099125367,-0.031899999999999984,"missing, standing, impress, motion, lipstick",False,False,4,1.9845846,5.9236584,syllable_density,Standard Pop,Radio-Ready (Mid-Range Baseline Production),triangle-down
Come Back...Be Here,Red,0.548,0.217,0.6948515916260405,1.1419558359621451,0.35962145110410093,-0.5794,"wanna, sinks, feeling, guess, falling",False,False,0,-0.674136,5.4179525,reading_grade,Quill Pen,"Poetic & Archaic (High Complexity, Low Energy)",triangle-down
Girl At Home,Red,0.59,0.633,2.8942610187384545,1.3087885985748218,0.2684085510688836,-1.679,"everybody, got, proposition, number, cab",False,False,2,4.270189,7.0551353,bridge_shift,Glitter Gel Pen,"Frivolous & Upbeat (High Energy, High Valence)",triangle-down
Treacherous (Original Demo Recording),Red,0.64,0.519,0.8415926948396688,1.2129963898916967,0.3574007220216607,-0.8358,"follow, slope, echoed, path, sleepless",False,False,3,-0.1370315,7.3423705,bridge_shift,Revenge Anthem,"Angst & Power (High Energy, Low Valence)",triangle-down
Red (Original Demo Recording),Red,0.902,0.637,3.046293859649122,1.343859649122807,0.4421052631578947,-0.9805,"loving, burning, grey, forgetting, missing",False,False,2,4.7293186,6.5839167,syllable_density,Glitter Gel Pen,"Frivolous & Upbeat (High Energy, High Valence)",triangle-down
State Of Grace (Acoustic Version),Red,0.118,0.0682,0.7047077922077918,1.1688311688311688,0.4588744588744589,0.7061999999999999,"coming, saw, worthwhile, ruthless, unless",False,False,4,0.96259975,3.9868264,bridge_shift,Standard Pop,Radio-Ready (Mid-Range Baseline Production),triangle-down
State Of Grace (Taylor's Version),Red (TV),0.713,0.328,0.664227272727274,1.170909090909091,0.41454545454545455,0.7061999999999999,"comin, saw, ruthless, mosaic, worthwhile",False,False,0,1.1636585,9.573636,reading_grade,Quill Pen,"Poetic & Archaic (High Complexity, Low Energy)",star
Red (Taylor's Version),Red (TV),0.777,0.408,3.3871719457013576,1.2923076923076924,0.4,-0.9881,"loving, burning, forgetting, missing, losing",False,False,2,4.572079,6.1454167,bridge_shift,Glitter Gel Pen,"Frivolous & Upbeat (High Energy, High Valence)",star
Treacherous (Taylor's Version),Red (TV),0.593,0.299,1.0012709030100346,1.2192307692307693,0.39615384615384613,-1.0604,"follow, slope, echoed, path, sleepless",False,False,1,0.5111453,6.600713,bridge_shift,Fountain Pen,Modern Confessional (Specific Storytelling),star
I Knew You Were Trouble (Taylor's Version),Red (TV),0.557,0.767,1.2361134113411332,1.183168316831683,0.2747524752475248,-0.6716,"walked, flew, shame, drowning, lyin",False,False,3,-0.85595685,8.553798,valence,Revenge Anthem,"Angst & Power (High Energy, Low Valence)",star
All Too Well (Taylor's Version),Red (TV),0.528,0.132,1.9038370118845513,1.2129032258064516,0.432258064516129,-0.12130000000000007,"remember, bout, scarf, maybe, rare",False,False,4,1.7205389,5.8914785,valence,Standard Pop,Radio-Ready (Mid-Range Baseline Production),star
22 (Taylor's Version),Red (TV),0.695,0.642,1.6996239717978838,1.2702702702702702,0.3022113022113022,-0.4365,"nights, feels, alright, sleepin, gotta",False,False,3,2.6150157,8.036284,lexical_diversity,Revenge Anthem,"Angst & Power (High Energy, Low Valence)",star
I Almost Do (Taylor's Version),Red (TV),0.559,0.248,1.3864148681055148,1.183453237410072,0.34532374100719426,1.3063,"hope, takes, chair, sittin, week",False,False,4,1.9792802,3.447145,bridge_shift,Standard Pop,Radio-Ready (Mid-Range Baseline Production),star
We Are Never Ever Getting Back Together (Taylor's Version),Red (TV),0.686,0.716,3.0269226350057465,1.2841823056300268,0.353887399463807,0.4679,"gettin, friends, tellin, called, used",False,False,2,3.6485739,7.738179,reading_grade,Glitter Gel Pen,"Frivolous & Upbeat (High Energy, High Valence)",star
Stay Stay Stay (Taylor's Version),Red (TV),0.681,0.663,1.143863636363637,1.1454545454545455,0.3606060606060606,-0.14990000000000003,"loving, quite, funny, took, helmet",False,False,3,0.04707931,9.020665,valence,Revenge Anthem,"Angst & Power (High Energy, Low Valence)",star
The Last Time (Taylor's Version),Red (TV),0.534,0.155,1.0159774436090245,1.1185344827586208,0.23922413793103448,-0.7483,"askin, eye, lightbody, gary, list",False,False,0,-1.1262538,5.5369954,syllable_density,Quill Pen,"Poetic & Archaic (High Complexity, Low Energy)",star
Holy Ground (Taylor's Version),Red (TV),0.809,0.511,0.7566139240506331,1.1677215189873418,0.4177215189873418,-0.040000000000000036,"ayy, dance, woah, dancin, tonight",False,False,3,1.0596647,9.422662,energy,Revenge Anthem,"Angst & Power (High Energy, Low Valence)",star
Sad Beautiful Tragic (Taylor's Version),Red (TV),0.406,0.232,3.344370709382151,1.331578947368421,0.5210526315789473,-0.8381,"magic, affair, tracks, woah, try",False,False,2,4.4442544,5.017906,lexical_diversity,Glitter Gel Pen,"Frivolous & Upbeat (High Energy, High Valence)",star
The Lucky One (Taylor's Version),Red (TV),0.571,0.538,1.5073809523809523,1.1845238095238095,0.38095238095238093,-0.0184,"let, loves, lights, everybody, pretty",False,False,3,1.235426,8.391138,lexical_diversity,Revenge Anthem,"Angst & Power (High Energy, Low Valence)",star
Starlight (Taylor's Version),Red (TV),0.685,0.605,1.719900497512441,1.2208955223880598,0.34328358208955223,0.3912,"hoo, dancin, nines, tune, marvelous",False,False,3,2.2586381,8.1899805,syllable_density,Revenge Anthem,"Angst & Power (High Energy, Low Valence)",star
Begin Again (Taylor's Version),Red (TV),0.527,0.267,1.9899604916593532,1.164179104477612,0.3850746268656716,0.026599999999999985,"spendin, wednesday, watched, strange, months",False,False,4,1.5211347,5.618767,reading_grade,Standard Pop,Radio-Ready (Mid-Range Baseline Production),star
The Moment I Knew (Taylor's Version),Red (TV),0.402,0.208,0.742309420255225,1.1982507288629738,0.4227405247813411,0.12519999999999998,"impress, missin, motion, lipstick, slow",False,False,4,0.892122,4.279046,bridge_shift,Standard Pop,Radio-Ready (Mid-Range Baseline Production),star
Come Back...Be Here (Taylor's Version),Red (TV),0.632,0.399,0.3733628482972158,1.1393188854489165,0.3591331269349845,-0.3914,"wanna, sinks, feelin, guess, took",False,False,0,-0.79199165,6.098125,reading_grade,Quill Pen,"Poetic & Archaic (High Complexity, Low Energy)",star
Girl At Home (Taylor's Version),Red (TV),0.736,0.612,2.5280942334739827,1.2936708860759494,0.28607594936708863,-1.6716,"everybody, got, proposition, number, cab",False,False,2,4.479838,7.051714,bridge_shift,Glitter Gel Pen,"Frivolous & Upbeat (High Energy, High Valence)",star
State Of Grace (Acoustic Version) [Taylor's Version],Red (TV),0.131,0.101,0.1402577484290113,1.148471615720524,0.462882096069869,0.7061999999999999,"comin, saw, worthwhile, ruthless, unless",False,False,4,0.9121088,4.097184,bridge_shift,Standard Pop,Radio-Ready (Mid-Range Baseline Production),star
Ronan (Taylor's Version),Red (TV),0.279,0.38,2.090874989938019,1.2541254125412542,0.46864686468646866,0.000500000000000056,"remember, gonna, away, miracle, bare",False,False,1,3.7125483,4.2878356,lexical_diversity,Fountain Pen,Modern Confessional (Specific Storytelling),star
Better Man (Taylor's Version) [From The Vault],Red (TV),0.579,0.255,2.470480874316941,1.1721311475409837,0.2725409836065574,-0.01440000000000008,"just, middle, goodbye, hand, feel",False,False,4,1.8882002,5.4678535,reading_grade,Standard Pop,Radio-Ready (Mid-Range Baseline Production),star
Nothing New (Taylor's Version) [From The Vault],Red (TV),0.377,0.446,1.1151092896174895,1.160857908847185,0.43967828418230565,0.17899999999999994,"wake, person, eighteen, drink, middle",False,False,1,0.39462897,5.628123,lexical_diversity,Fountain Pen,Modern Confessional (Specific Storytelling),star
Babe (Taylor's Version) [From The Vault],Red (TV),0.743,0.746,1.5553249329758714,1.2064343163538873,0.27882037533512066,-0.40090000000000003,"promises, blew, ain, wreck, ball",False,False,3,-0.42563382,8.754786,lexical_diversity,Revenge Anthem,"Angst & Power (High Energy, Low Valence)",star
Message In A Bottle (Taylor's Version) [From The Vault],Red (TV),0.791,0.494,0.8070685579196244,1.1111111111111112,0.2601010101010101,0.7283,"hopin, gets, standin, sleep, reason",False,False,0,-1.8529962,6.890289,syllable_density,Quill Pen,"Poetic & Archaic (High Complexity, Low Energy)",star
I Bet You Think About Me (Taylor's Version) [From The Vault],Red (TV),0.715,0.473,1.928962292161522,1.1919431279620853,0.466824644549763,-0.3979999999999999,"harder, believe, sit, yes, scared",False,False,3,1.2397906,6.272402,lexical_diversity,Revenge Anthem,"Angst & Power (High Energy, Low Valence)",star
Forever Winter (Taylor's Version) [From The Vault],Red (TV),0.552,0.41,1.571200000000001,1.2203389830508475,0.4011299435028249,-0.0962,"pieces, says, sun, floor, breakin",False,False,1,1.601848,6.628056,valence,Fountain Pen,Modern Confessional (Specific Storytelling),star
Run (Taylor's Version) [From The Vault],Red (TV),0.488,0.443,-0.4493602255476006,1.0539772727272727,0.3465909090909091,-0.15000000000000002,"law, darling, let, chain, reason",False,False,0,-1.0631285,6.1727486,reading_grade,Quill Pen,"Poetic & Archaic (High Complexity, Low Energy)",star
The Very First Night (Taylor's Version) [From The Vault],Red (TV),0.733,0.581,0.701334844706416,1.139650872817955,0.29177057356608477,-1.0695000000000001,"away, write, pick, hotel, ridin",False,False,3,-1.0407803,7.330367,valence,Revenge Anthem,"Angst & Power (High Energy, Low Valence)",star
All Too Well (10 Minute Version) [Taylor's Version] [From The Vault],Red (TV),0.518,0.205,1.8920812798544269,1.18801652892562,0.35537190082644626,-0.07889999999999997,"remember, rare, sacred, prayer, wind",False,False,4,1.7222314,5.390943,reading_grade,Standard Pop,Radio-Ready (Mid-Range Baseline Production),star
Welcome To New York,1989,0.634,0.658,2.585757204610953,1.2536023054755043,0.2737752161383285,0.4938,"waitin, soundtrack, blind, bright, beat",False,False,3,3.401132,7.8944955,lexical_diversity,Revenge Anthem,"Angst & Power (High Energy, Low Valence)",circle
Blank Space,1989,0.703,0.57,0.7019213778843003,1.1714836223506744,0.37572254335260113,-0.5277000000000001,"insane, lovers, list, nasty, scar",False,False,3,-0.31677648,7.854631,valence,Revenge Anthem,"Angst & Power (High Energy, Low Valence)",circle
Style,1989,0.791,0.487,1.435018315018315,1.1358974358974359,0.3564102564102564,-0.34090000000000004,"crashing, got, dean, classic, skirt",False,False,3,0.99253273,9.124187,reading_grade,Revenge Anthem,"Angst & Power (High Energy, Low Valence)",circle
Out Of The Woods,1989,0.841,0.338,0.08507741027445626,1.103448275862069,0.17841079460269865,0.6156,"clear, remember, looking, flying, discovered",False,False,0,-1.9803667,6.6086526,reading_grade,Quill Pen,"Poetic & Archaic (High Complexity, Low Energy)",circle
All You Had To Do Was Stay,1989,0.725,0.539,-0.09905302505883817,1.0643776824034334,0.2017167381974249,-1.7311,"palm, lock, easy, late, hand",False,False,0,-1.3911505,6.9148126,syllable_density,Quill Pen,"Poetic & Archaic (High Complexity, Low Energy)",circle
Shake It Off,1989,0.8,0.942,0.6042273750221234,1.1131059245960502,0.22800718132854578,0.09689999999999999,"fake, gonna, play, break, haters",False,False,3,-0.62316436,8.9288,valence,Revenge Anthem,"Angst & Power (High Energy, Low Valence)",circle
I Wish You Would,1989,0.893,0.513,0.39152757078986866,1.0700447093889718,0.16989567809239942,0.15090000000000003,"hung, makes, phone, straight, forget",False,False,0,-1.8964753,6.827615,syllable_density,Quill Pen,"Poetic & Archaic (High Complexity, Low Energy)",circle
Bad Blood,1989,0.794,0.287,-0.12456817987029467,1.081135902636917,0.2535496957403651,1.1534,"got, solve, deep, cut, cause",False,False,0,-2.0765905,6.4640837,reading_grade,Quill Pen,"Poetic & Archaic (High Complexity, Low Energy)",circle
Wildest Dreams,1989,0.688,0.465,0.9979143258426966,1.2219101123595506,0.3595505617977528,-0.7592,"rosy, sunset, starin, cheeks, follow",False,False,3,0.06030035,7.257987,bridge_shift,Revenge Anthem,"Angst & Power (High Energy, Low Valence)",circle
How You Get The Girl,1989,0.656,0.545,0.3127620013522652,1.1151960784313726,0.25245098039215685,0.3246,"works, wait, worse, cheeks, broke",False,False,0,-1.6493888,6.664285,reading_grade,Quill Pen,"Poetic & Archaic (High Complexity, Low Energy)",circle
This Love,1989,0.435,0.107,0.23221331859629757,1.07012987012987,0.2649350649350649,0.2005,"came, gone, free, alive, let",False,False,0,-1.343246,5.551251,syllable_density,Quill Pen,"Poetic & Archaic (High Complexity, Low Energy)",circle
I Know Places,1989,0.755,0.495,1.8326587301587303,1.1873015873015873,0.37777777777777777,1.6093000000000002,"hide, foxes, tails, hunters, track",False,False,3,2.7539768,8.580609,bridge_shift,Revenge Anthem,"Angst & Power (High Energy, Low Valence)",circle
Clean,1989,0.377,0.211,2.5130961245557657,1.2636655948553055,0.3633440514469453,0.6205999999999999,"finally, trace, drownin, pouring, mornin",False,False,4,2.2244358,4.411799,energy,Standard Pop,Radio-Ready (Mid-Range Baseline Production),circle
Wonderland,1989,0.692,0.197,2.1614621258870734,1.2311015118790496,0.3174946004319654,0.10379999999999998,"lost, pretended, worse, got, didn",False,False,4,2.4068182,6.591251,reading_grade,Standard Pop,Radio-Ready (Mid-Range Baseline Production),circle
You Are In Love,1989,0.48,0.319,0.8373939235201675,1.0939759036144578,0.3204819277108434,-1.7221000000000002,"silence, lights, true, hear, feel",False,False,0,-1.04343,6.554771,syllable_density,Quill Pen,"Poetic & Archaic (High Complexity, Low Energy)",circle
New Romantics,1989,0.889,0.584,2.6521802162595094,1.2731277533039647,0.32158590308370044,1.8474,"castle, bricks, build, dream, threw",False,False,2,3.0495121,8.326183,bridge_shift,Glitter Gel Pen,"Frivolous & Upbeat (High Energy, High Valence)",circle
...Ready For It?,reputation,0.764,0.417,1.235725431985994,1.1677704194260485,0.31788079470198677,-0.6289,"games, let, middle, gon, breeze",False,False,3,0.42371333,8.277544,reading_grade,Revenge Anthem,"Angst & Power (High Energy, Low Valence)",square
End Game,reputation,0.589,0.151,1.9937859362859385,1.1908713692946058,0.31258644536652835,-0.9354,"wanna, big, team, got, heard",False,False,4,1.7289912,5.378923,reading_grade,Standard Pop,Radio-Ready (Mid-Range Baseline Production),square
I Did Something Bad,reputation,0.602,0.305,3.461246143165692,1.335483870967742,0.28817204301075267,-0.9763,"light, feel, somethin, felt, fun",False,False,2,4.067258,6.4137235,bridge_shift,Glitter Gel Pen,"Frivolous & Upbeat (High Energy, High Valence)",square
Don't Blame Me,reputation,0.534,0.193,0.9834368530020718,1.1511387163561078,0.2753623188405797,0.785,"usin, rest, drug, lord, doin",False,False,0,-1.7050576,5.512797,lexical_diversity,Quill Pen,"Poetic & Archaic (High Complexity, Low Energy)",square
Delicate,reputation,0.404,0.0499,1.388171779141107,1.1901840490797546,0.24948875255623723,-1.1743999999999999,"isn, cool, chill, cause, promises",False,False,4,1.3090987,5.0725346,lexical_diversity,Standard Pop,Radio-Ready (Mid-Range Baseline Production),square
Look What You Made Me Do,reputation,0.709,0.506,0.31798831305680686,1.0891608391608392,0.22377622377622378,0.33169999999999994,"just, trusts, starrin, check, actress",False,False,0,-1.8237538,6.7739325,syllable_density,Quill Pen,"Poetic & Archaic (High Complexity, Low Energy)",square
So It Goes...,reputation,0.61,0.374,0.5777689746723418,1.1593830334190232,0.2802056555269923,0.4246,"countin, pieces, caught, scratches, number",False,False,0,-1.7231692,6.007362,reading_grade,Quill Pen,"Poetic & Archaic (High Complexity, Low Energy)",square
Gorgeous,reputation,0.535,0.451,1.7845416856492058,1.1715575620767493,0.3476297968397291,-0.7764,"face, furious, turns, feel, makes",False,False,3,0.79762113,7.0616517,lexical_diversity,Revenge Anthem,"Angst & Power (High Energy, Low Valence)",square
Getaway Car,reputation,0.689,0.351,2.1706493506493487,1.2454545454545454,0.31272727272727274,-0.38270000000000004,"ridin, far, shoulda, met, sirens",False,False,3,2.4516943,6.931299,lexical_diversity,Revenge Anthem,"Angst & Power (High Energy, Low Valence)",square
King Of My Heart,reputation,0.703,0.314,1.4241489361702122,1.1829787234042553,0.2872340425531915,-1.5187,"waitin, woah, soul, salute, motown",False,False,3,0.24071853,7.5381155,reading_grade,Revenge Anthem,"Angst & Power (High Energy, Low Valence)",square
Dancing With Our Hands Tied,reputation,0.691,0.284,0.7533920417482101,1.1552511415525115,0.2922374429223744,1.1881,"dancin, feelin, dance, locket, pockets",False,False,0,-1.9370365,5.6989045,reading_grade,Quill Pen,"Poetic & Archaic (High Complexity, Low Energy)",square
Dress,reputation,0.469,0.0851,1.6293224923625296,1.2057026476578412,0.26883910386965376,-0.7243999999999999,"bought, patience, pining, shakin, bedpost",False,False,4,1.4780039,5.078598,lexical_diversity,Standard Pop,Radio-Ready (Mid-Range Baseline Production),square
This Is Why We Can't Have Nice Things,reputation,0.789,0.438,1.700845936939249,1.1734939759036145,0.3783132530120482,-0.0036000000000000476,"darlin, wouldn, hear, break, away",False,False,3,1.4810143,9.034758,reading_grade,Revenge Anthem,"Angst & Power (High Energy, Low Valence)",square
Call It What You Want,reputation,0.504,0.252,0.4108974358974393,1.1173076923076923,0.3038461538461538,0.1576,"stream, jet, fit, brand, walking",False,False,0,-1.2897397,5.7168183,reading_grade,Quill Pen,"Poetic & Archaic (High Complexity, Low Energy)",square
New Year's Day,reputation,0.151,0.23,2.0449071358748796,1.2150537634408602,0.28225806451612906,0.0495000000000001,"hold, memories, recognize, stranger, cleanin",False,False,4,1.5320443,4.5434685,lexical_diversity,Standard Pop,Radio-Ready (Mid-Range Baseline Production),square
I Forgot That You Existed,Lover,0.316,0.541,1.8275232702451127,1.2559726962457338,0.40273037542662116,-0.31120000000000003,"isn, indifference, peaceful, kill, quiet",False,False,1,3.3480282,4.3959675,energy,Fountain Pen,Modern Confessional (Specific Storytelling),x
Cruel Summer,Lover,0.702,0.564,1.217089569160997,1.1760722347629797,0.3363431151241535,0.8091,"woah, roll, breakable, shape, rules",False,False,3,1.4446763,8.699783,reading_grade,Revenge Anthem,"Angst & Power (High Energy, Low Valence)",x
Lover,Lover,0.543,0.453,2.277695560253701,1.255813953488372,0.45348837209302323,0.5381,"close, save, dazzling, magnetic, seconds",False,False,2,3.6747348,4.796867,lexical_diversity,Glitter Gel Pen,"Frivolous & Upbeat (High Energy, High Valence)",x
The Man,Lover,0.658,0.633,1.3923963599595552,1.130232558139535,0.3116279069767442,-1.7307000000000001,"sick, quicker, comin, fast, wonderin",False,False,3,-1.1068677,7.3391314,valence,Revenge Anthem,"Angst & Power (High Energy, Low Valence)",x
The Archer,Lover,0.574,0.166,0.47833789954338,1.1472602739726028,0.3698630136986301,0.922,"combat, prey, darling, help, hold",False,False,0,-1.7364829,5.568963,reading_grade,Quill Pen,"Poetic & Archaic (High Complexity, Low Energy)",x
I Think He Knows,Lover,0.366,0.416,0.9998883248730976,1.2055837563451777,0.3197969543147208,0.07780000000000009,"bless, heartbeat, soul, avenue, skipping",False,False,4,0.4407622,4.696375,lexical_diversity,Standard Pop,Radio-Ready (Mid-Range Baseline Production),x
Miss Americana & The Heartbreak Prince,Lover,0.747,0.487,2.1971694019996235,1.2339181286549707,0.32748538011695905,1.255,"win, counted, hallway, fight, whisper",False,False,3,2.9177666,8.442582,bridge_shift,Revenge Anthem,"Angst & Power (High Energy, Low Valence)",x
Paper Rings,Lover,0.719,0.865,1.4479292672165087,1.1821946169772257,0.2857142857142857,-0.9097,"huh, darling, accidents, frames, went",False,False,3,-0.6479848,8.817574,lexical_diversity,Revenge Anthem,"Angst & Power (High Energy, Low Valence)",x
Cornelia Street,Lover,0.624,0.248,3.360740052791087,1.3652849740932642,0.3601036269430052,-0.2844,"walk, screams, hope, mystified, city",False,False,2,4.105739,6.276896,syllable_density,Glitter Gel Pen,"Frivolous & Upbeat (High Energy, High Valence)",x
Death By A Thousand Cuts,Lover,0.732,0.313,1.6119767441860482,1.2209302325581395,0.34186046511627904,0.23819999999999997,"flickering, chandelier, boarded, tryna, pretend",False,False,3,2.226497,6.956329,reading_grade,Revenge Anthem,"Angst & Power (High Energy, Low Valence)",x
London Boy,Lover,0.71,0.557,2.068482662617061,1.2222222222222223,0.3469387755102041,-0.3508,"fancy, wanna, enjoy, highgate, tennessee",False,False,3,2.4888363,8.000826,reading_grade,Revenge Anthem,"Angst & Power (High Energy, Low Valence)",x
Soon You'll Get Better,Lover,0.182,0.421,1.06473717146433,1.1829787234042553,0.43829787234042555,-1.5878,"pray, supposed, cause, normal, tangled",False,False,1,0.2722231,5.0913596,bridge_shift,Fountain Pen,Modern Confessional (Specific Storytelling),x
False God,Lover,0.32,0.351,0.6620866043613702,1.1651090342679127,0.35514018691588783,0.5439,"worship, blind, faith, led, religion",False,False,4,0.7056485,4.1444545,energy,Standard Pop,Radio-Ready (Mid-Range Baseline Production),x
You Need To Calm Down,Lover,0.671,0.714,1.0601020986954062,1.1337209302325582,0.3953488372093023,-0.8817,"loud, just, stop, somebody, step",False,False,3,-0.6603391,8.585071,valence,Revenge Anthem,"Angst & Power (High Energy, Low Valence)",x
Afterglow,Lover,0.449,0.399,0.9012418831168816,1.1324675324675324,0.3142857142857143,1.4926,"wanna, lose, meant, burned, hurt",False,False,0,-1.8750259,5.6999254,syllable_density,Quill Pen,"Poetic & Archaic (High Complexity, Low Energy)",x
ME!,Lover,0.83,0.728,1.8445539956803465,1.1767151767151767,0.2681912681912682,0.038999999999999924,"eeh, promise, fun, lotta, team",False,False,3,-0.2664978,8.805305,reading_grade,Revenge Anthem,"Angst & Power (High Energy, Low Valence)",x
It's Nice To Have A Friend,Lover,0.175,0.545,-0.31538461538461426,1.0961538461538463,0.5384615384615384,-0.9325,"nerve, church, sinks, sounds, video",False,False,1,0.07813729,5.4584107,reading_grade,Fountain Pen,Modern Confessional (Specific Storytelling),x
Daylight,Lover,0.496,0.265,2.511200457862355,1.2593360995850622,0.3112033195020747,0.5417000000000001,"wanna, golden, sleepin, believed, awake",False,False,4,2.256847,4.632928,syllable_density,Standard Pop,Radio-Ready (Mid-Range Baseline Production),x
the 1,folklore,0.361,0.163,2.3299500542888154,1.293159609120521,0.4201954397394137,-0.9487,"defense, pennies, wishes, fun, greatest",False,False,1,3.7380843,5.5268435,bridge_shift,Fountain Pen,Modern Confessional (Specific Storytelling),circle
cardigan,folklore,0.58,0.534,1.261593073593076,1.2261904761904763,0.3958333333333333,0.5039,"assume, young, felt, bed, line",False,False,3,1.38704,8.224275,lexical_diversity,Revenge Anthem,"Angst & Power (High Energy, Low Valence)",circle
the last great american dynasty,folklore,0.653,0.701,3.2195737082066884,1.3221884498480243,0.49848024316109424,-1.3296000000000001,"marvelous, ruining, seen, money, showed",False,False,2,4.8259892,6.3646393,lexical_diversity,Glitter Gel Pen,"Frivolous & Upbeat (High Energy, High Valence)",circle
exile,folklore,0.374,0.16,1.96943103448276,1.2257383966244726,0.31223628691983124,-0.0749,"warning, gave, signs, sign, film",False,False,4,1.6469234,4.6624966,lexical_diversity,Standard Pop,Radio-Ready (Mid-Range Baseline Production),circle
my tears ricochet,folklore,0.265,0.112,1.4949869224062802,1.1709677419354838,0.4612903225806452,-1.1306,"cursing, stayed, wishing, didn, wake",False,False,1,0.72506016,4.5247335,bridge_shift,Fountain Pen,Modern Confessional (Specific Storytelling),circle
mirrorball,folklore,0.417,0.347,2.4710730314157523,1.306201550387597,0.39147286821705424,-0.24459999999999998,"hush, tiptoes, tallest, highest, shining",False,False,2,3.7790396,5.770853,syllable_density,Glitter Gel Pen,"Frivolous & Upbeat (High Energy, High Valence)",circle
seven,folklore,0.494,0.374,0.6826758409785931,1.1788990825688073,0.5229357798165137,-0.11349999999999999,"folk, passed, tea, lasts, cross",False,False,1,0.41303343,5.713546,lexical_diversity,Fountain Pen,Modern Confessional (Specific Storytelling),circle
august,folklore,0.634,0.42,1.565542065491183,1.1914357682619647,0.28211586901763225,0.48990000000000006,"hope, case, sipped, canceled, bedsheets",False,False,3,1.9794202,7.5649557,reading_grade,Revenge Anthem,"Angst & Power (High Energy, Low Valence)",circle
this is me trying,folklore,0.478,0.408,2.0552747252747245,1.1884615384615385,0.43846153846153846,1.5110999999999999,"wanted, curve, regrets, hard, lot",False,False,4,2.6043413,3.5840402,bridge_shift,Standard Pop,Radio-Ready (Mid-Range Baseline Production),circle
illicit affairs,folklore,0.304,0.44,2.008371687587168,1.2719665271966527,0.5481171548117155,-1.647,"dies, meetings, lie, times, million",False,False,1,4.698722,4.17833,lexical_diversity,Fountain Pen,Modern Confessional (Specific Storytelling),circle
invisible string,folklore,0.459,0.454,1.9221866708287827,1.25503355704698,0.4966442953020134,-0.9757,"tying, color, isn, pretty, trip",False,False,1,4.584299,3.9052782,lexical_diversity,Fountain Pen,Modern Confessional (Specific Storytelling),circle
mad woman,folklore,0.7,0.451,1.1861104033970271,1.1910828025477707,0.40764331210191085,0.1368999999999999,"angry, likes, crazy, shame, does",False,False,3,1.0631119,9.53899,syllable_density,Revenge Anthem,"Angst & Power (High Energy, Low Valence)",circle
epiphany,folklore,0.254,0.103,1.3760997267759585,1.185792349726776,0.4262295081967213,0.27449999999999997,"serve, watch, breathing, minutes, sense",False,False,4,1.0167994,4.1115885,valence,Standard Pop,Radio-Ready (Mid-Range Baseline Production),circle
betty,folklore,0.376,0.476,0.7419230769230793,1.1692307692307693,0.35604395604395606,-0.6211,"showed, party, garden, seventeen, thing",False,False,1,-0.38754305,5.7473755,bridge_shift,Fountain Pen,Modern Confessional (Specific Storytelling),circle
peace,folklore,0.284,0.328,2.109832119100414,1.2125435540069687,0.4146341463414634,-0.8888,"wave, blues, devil, ocean, brother",False,False,1,1.0522884,4.7855425,bridge_shift,Fountain Pen,Modern Confessional (Specific Storytelling),circle
hoax,folklore,0.178,0.404,1.0341800782949129,1.1983471074380165,0.4380165289256198,0.9113,"sadness, shade, pulled, apart, cliffside",False,False,4,2.6928563,3.8449867,bridge_shift,Standard Pop,Radio-Ready (Mid-Range Baseline Production),circle
the lakes,folklore,0.258,0.268,2.4422906403940914,1.2543103448275863,0.46551724137931033,-0.1904,"windermere, muse, peaks, setting, beloved",False,False,1,3.8694668,4.621102,lexical_diversity,Fountain Pen,Modern Confessional (Specific Storytelling),circle
willow,evermore,0.574,0.529,0.8094634581105176,1.1446078431372548,0.29411764705882354,-0.43110000000000004,"wreck, begging, plans, stray, hand",False,False,0,-1.0575134,7.0063305,reading_grade,Quill Pen,"Poetic & Archaic (High Complexity, Low Energy)",bowtie
champagne problems,evermore,0.24,0.32,2.045699300699301,1.2797202797202798,0.5804195804195804,0.9984999999999999,"reason, dropped, mom, pocket, ring",False,False,1,3.4993486,3.764421,lexical_diversity,Fountain Pen,Modern Confessional (Specific Storytelling),bowtie
gold rush,evermore,0.462,0.353,2.8038748419721884,1.2920353982300885,0.3421828908554572,-0.9351,"everybody, wants, falling, vision, dominoes",False,False,2,3.8666756,6.2002873,bridge_shift,Glitter Gel Pen,"Frivolous & Upbeat (High Energy, High Valence)",bowtie
'tis the damn season,evermore,0.434,0.348,1.0632445431002608,1.1568627450980393,0.37254901960784315,1.2419,"taken, hometown, leads, weekend, looks",False,False,4,1.5080878,3.5506938,bridge_shift,Standard Pop,Radio-Ready (Mid-Range Baseline Production),bowtie
tolerate it,evermore,0.361,0.221,1.495000000000001,1.2,0.41904761904761906,-0.35240000000000005,"watch, celebrated, sit, head, wiser",False,False,1,0.87884533,4.3776474,lexical_diversity,Fountain Pen,Modern Confessional (Specific Storytelling),bowtie
"no body, no crime",evermore,0.613,0.535,1.368078593139387,1.1772486772486772,0.3544973544973545,0.6015,"prove, lettin, este, ain, wasn",False,False,3,1.3360032,8.522343,reading_grade,Revenge Anthem,"Angst & Power (High Energy, Low Valence)",bowtie
happiness,evermore,0.334,0.211,2.1360998784664673,1.2761020881670533,0.3990719257540603,-1.6435,"leave, haven, sunrise, divide, glorious",False,False,1,3.4752138,5.7427583,bridge_shift,Fountain Pen,Modern Confessional (Specific Storytelling),bowtie
dorothea,evermore,0.488,0.354,3.4500065573770478,1.290983606557377,0.5,0.4386,"sellin, brighter, shined, stars, tired",False,False,2,4.3405232,5.046071,lexical_diversity,Glitter Gel Pen,"Frivolous & Upbeat (High Energy, High Valence)",bowtie
coney island,evermore,0.537,0.292,2.089887216468913,1.2864450127877238,0.4092071611253197,-1.2602,"colder, making, sun, disappointments, centerfold",False,False,2,3.5711484,5.967002,bridge_shift,Glitter Gel Pen,"Frivolous & Upbeat (High Energy, High Valence)",bowtie
ivy,evermore,0.545,0.535,0.8871075902726631,1.190217391304348,0.3967391304347826,-1.4043999999999999,"covered, goddamn, stone, grows, putting",False,False,3,-0.07852542,7.2073455,bridge_shift,Revenge Anthem,"Angst & Power (High Energy, Low Valence)",bowtie
cowboy like me,evermore,0.517,0.511,0.7868481548699329,1.1929824561403508,0.3830409356725146,0.479,"forward, pay, tricks, sleeve, takes",False,False,3,1.2499311,8.408941,lexical_diversity,Revenge Anthem,"Angst & Power (High Energy, Low Valence)",bowtie
long story short,evermore,0.73,0.573,1.0154036904066146,1.1798029556650247,0.3817733990147783,-1.0043,"pedestal, precipice, warm, rabbit, pushed",False,False,3,-0.44918603,7.732982,bridge_shift,Revenge Anthem,"Angst & Power (High Energy, Low Valence)",bowtie
marjorie,evermore,0.561,0.287,1.42544642857143,1.253125,0.321875,-0.25029999999999997,"alive, died, didn, dead, asked",False,False,4,1.9174601,6.785646,syllable_density,Standard Pop,Radio-Ready (Mid-Range Baseline Production),bowtie
closure,evermore,0.704,0.92,1.2397391404274885,1.2270742358078603,0.37117903930131,0.2891,"yes, doing, letter, bone, cut",False,False,3,-0.604004,9.026243,lexical_diversity,Revenge Anthem,"Angst & Power (High Energy, Low Valence)",bowtie
evermore,evermore,0.27,0.32,1.9751799426934085,1.2542857142857142,0.4514285714285714,0.8176,"catchin, violence, tossed, pause, peculiar",False,False,4,3.2787263,3.9860027,bridge_shift,Standard Pop,Radio-Ready (Mid-Range Baseline Production),bowtie
right where you left me,evermore,0.619,0.645,1.6982717537434553,1.2113022113022114,0.4004914004914005,-0.0912,"restaurant, legged, choice, dim, cross",False,False,3,1.967223,8.204398,reading_grade,Revenge Anthem,"Angst & Power (High Energy, Low Valence)",bowtie
it's time to go,evermore,0.41,0.416,0.45523847655272576,1.1246684350132625,0.3421750663129973,-0.5719,"thing, givin, soul, snaps, strong",False,False,0,-0.65391517,5.7970257,reading_grade,Quill Pen,"Poetic & Archaic (High Complexity, Low Energy)",bowtie
Lavender Haze,Midnights,0.444,0.0984,1.5531727574750853,1.2159468438538206,0.3521594684385382,1.0281,"desk, deal, surreal, damned, chest",False,False,4,1.9497975,3.9076018,bridge_shift,Standard Pop,Radio-Ready (Mid-Range Baseline Production),triangle-up
Maroon,Midnights,0.378,0.0382,1.5912467532467538,1.2457142857142858,0.36857142857142855,0.7793,"scarlet, telephones, burgundy, collarbone, rushed",False,False,4,1.8494823,4.09707,valence,Standard Pop,Radio-Ready (Mid-Range Baseline Production),triangle-up
Anti-Hero,Midnights,0.634,0.519,3.1324418168168187,1.3573573573573574,0.45345345345345345,-1.6416,"problem, agrees, everybody, teatime, rooting",False,False,2,4.7218814,6.332838,bridge_shift,Glitter Gel Pen,"Frivolous & Upbeat (High Energy, High Valence)",triangle-up
Snow On The Beach,Midnights,0.323,0.154,0.561846261846263,1.1882640586797066,0.3471882640586797,0.2218,"comin, flying, wanting, pocketful, weird",False,False,4,0.6982918,4.082524,energy,Standard Pop,Radio-Ready (Mid-Range Baseline Production),triangle-up
"You're On Your Own, Kid",Midnights,0.38,0.376,1.788732563732566,1.239057239057239,0.5488215488215489,-0.11859999999999993,"fireplace, splashes, sprinkler, ashes, search",False,False,1,4.0362024,3.8980603,lexical_diversity,Fountain Pen,Modern Confessional (Specific Storytelling),triangle-up
Midnight Rain,Midnights,0.377,0.23,2.4043060235023432,1.3074204946996466,0.3568904593639576,-0.9938,"wanted, fame, comfortable, bride, chasing",False,False,2,3.770436,5.7162957,bridge_shift,Glitter Gel Pen,"Frivolous & Upbeat (High Energy, High Valence)",triangle-up
Question...?,Midnights,0.502,0.112,1.687815442561206,1.2222222222222223,0.3541666666666667,1.5742,"crowded, clappin, makin, seconds, ask",False,False,4,2.0705624,3.7805996,bridge_shift,Standard Pop,Radio-Ready (Mid-Range Baseline Production),triangle-up
Vigilante Shit,Midnights,0.279,0.16,0.9183509449298946,1.1737451737451738,0.47104247104247104,1.8441999999999998,"dressin, lately, weekends, start, gets",False,False,4,1.3586267,3.680614,bridge_shift,Standard Pop,Radio-Ready (Mid-Range Baseline Production),triangle-up
Bejeweled,Midnights,0.55,0.412,1.1056398606693953,1.187793427230047,0.3403755868544601,-1.2444,"polish, shimmer, real, contempt, penthouse",False,False,3,0.08148671,7.0568023,bridge_shift,Revenge Anthem,"Angst & Power (High Energy, Low Valence)",triangle-up
Labyrinth,Midnights,0.313,0.141,0.6429718875502033,1.1646586345381527,0.3132530120481928,-0.1027,"fallin, plane, goin, break, turn",False,False,4,0.50029373,4.1008825,energy,Standard Pop,Radio-Ready (Mid-Range Baseline Production),triangle-up
Karma,Midnights,0.622,0.106,2.0383006593795656,1.279373368146214,0.34986945169712796,0.8432999999999999,"boyfriend, relaxing, weekend, envious, flexing",False,False,4,2.4539795,4.5650325,valence,Standard Pop,Radio-Ready (Mid-Range Baseline Production),triangle-up
Sweet Nothing,Midnights,0.161,0.396,2.699414009000197,1.3159851301115242,0.4200743494423792,0.6974,"hummin, shovin, nothings, push, kitchen",False,False,4,3.614271,4.305426,bridge_shift,Standard Pop,Radio-Ready (Mid-Range Baseline Production),triangle-up
Mastermind,Midnights,0.352,0.13,1.5973337825696348,1.2470238095238095,0.4017857142857143,0.7579,"accidental, groundwork, told, laid, saw",False,False,4,1.7275826,4.042227,bridge_shift,Standard Pop,Radio-Ready (Mid-Range Baseline Production),triangle-up
The Great War,Midnights,0.741,0.554,2.539119347160831,1.3121387283236994,0.4913294797687861,0.18500000000000005,"huh, survived, bloodshed, clover, vowed",False,False,2,4.7765574,5.806369,lexical_diversity,Glitter Gel Pen,"Frivolous & Upbeat (High Energy, High Valence)",triangle-up
Bigger Than The Whole Sky,Midnights,0.235,0.068,1.7803212851405625,1.2610441767068272,0.3493975903614458,0.8665,"goodbye, lot, pine, got, meet",False,False,4,1.796423,4.127229,bridge_shift,Standard Pop,Radio-Ready (Mid-Range Baseline Production),triangle-up
Paris,Midnights,0.509,0.345,1.8846774193548406,1.2838709677419355,0.44193548387096776,0.0022999999999999687,"ceiling, drew, map, bedroom, news",False,False,1,3.7756321,4.589637,lexical_diversity,Fountain Pen,Modern Confessional (Specific Storytelling),triangle-up
High Infidelity,Midnights,0.529,0.755,3.4419416666666685,1.3546666666666667,0.30133333333333334,0.5574,"keeping, count, picket, april, fence",False,False,2,3.7374423,7.6717076,syllable_density,Glitter Gel Pen,"Frivolous & Upbeat (High Energy, High Valence)",triangle-up
Glitch,Midnights,0.466,0.347,3.192375314488679,1.3261802575107295,0.463519313304721,-0.8774,"counterfeit, stitch, fastening, moonlit, seconds",False,False,2,4.489441,5.2756696,bridge_shift,Glitter Gel Pen,"Frivolous & Upbeat (High Energy, High Valence)",triangle-up
"Would've, Could've, Should've",Midnights,0.84,0.55,0.9816328767123288,1.178,0.296,-0.36340000000000006,"regret, close, grown, won, tomb",False,False,3,0.11091133,8.25759,valence,Revenge Anthem,"Angst & Power (High Energy, Low Valence)",triangle-up
Dear Reader,Midnights,0.388,0.159,2.444511278195492,1.2969924812030076,0.46616541353383456,0.014900000000000024,"guiding, advice, falling, light, apart",False,False,4,3.9947755,4.828794,valence,Standard Pop,Radio-Ready (Mid-Range Baseline Production),triangle-up
Mine (Taylors Version),Speak Now (TV),0.600141704082489,0.3416600227355957,2.2342097880299256,1.2344139650872819,0.4139650872817955,0.27649999999999997,,True,True,4,3.1049855,5.427835,bridge_shift,Standard Pop,Radio-Ready (Mid-Range Baseline Production),pentagon
Sparks Fly (Taylors Version),Speak Now (TV),0.6552106142044067,0.38021090626716614,2.192415171165738,1.2034383954154728,0.3753581661891118,-0.30500000000000005,,True,True,3,2.3274934,6.878143,reading_grade,Revenge Anthem,"Angst & Power (High Energy, Low Valence)",pentagon
Back To December (Taylors Version),Speak Now (TV),0.6518203020095825,0.4259425103664398,1.8271056603773594,1.195754716981132,0.35141509433962265,-0.020199999999999996,,True,True,3,2.1132011,7.240428,reading_grade,Revenge Anthem,"Angst & Power (High Energy, Low Valence)",pentagon
Speak Now (Taylors Version),Speak Now (TV),0.5682732462882996,0.5228694081306458,0.7474301760777173,1.150462962962963,0.35648148148148145,-0.593,,True,True,3,-0.6509636,7.3151193,lexical_diversity,Revenge Anthem,"Angst & Power (High Energy, Low Valence)",pentagon
Dear John (Taylors Version),Speak Now (TV),0.5313014984130859,0.3541414737701416,0.6148871037776829,1.1196808510638299,0.4521276595744681,-0.45909999999999995,,True,True,1,-0.14255314,5.694044,reading_grade,Fountain Pen,Modern Confessional (Specific Storytelling),pentagon
Mean (Taylors Version),Speak Now (TV),0.6413098573684692,0.4906460642814636,1.6749046015712672,1.219753086419753,0.3308641975308642,0.07010000000000005,,True,True,3,2.1513662,7.579401,lexical_diversity,Revenge Anthem,"Angst & Power (High Energy, Low Valence)",pentagon
The Story Of Us (Taylors Version),Speak Now (TV),0.670039713382721,0.5633403658866882,1.2394855875831503,1.1552106430155211,0.36363636363636365,0.11419999999999997,,True,True,3,0.5159645,9.074751,lexical_diversity,Revenge Anthem,"Angst & Power (High Energy, Low Valence)",pentagon
Never Grow Up (Taylors Version),Speak Now (TV),0.5852295160293579,0.4463292360305786,1.9662702702702717,1.2432432432432432,0.35135135135135137,0.18069999999999997,,True,True,3,2.7508955,6.953399,lexical_diversity,Revenge Anthem,"Angst & Power (High Energy, Low Valence)",pentagon
Enchanted (Taylors Version),Speak Now (TV),0.5450685620307922,0.3465522825717926,2.2211317418213987,1.2871794871794873,0.37435897435897436,-0.23749999999999993,,True,True,2,3.646113,6.196052,syllable_density,Glitter Gel Pen,"Frivolous & Upbeat (High Energy, High Valence)",pentagon
Better Than Revenge (Taylors Version),Speak Now (TV),0.6806095242500305,0.3903566598892212,2.3342105263157897,1.2105263157894737,0.35150375939849626,-0.2452,,True,True,3,2.5381596,6.895456,syllable_density,Revenge Anthem,"Angst & Power (High Energy, Low Valence)",pentagon
Innocent (Taylors Version),Speak Now (TV),0.555901288986206,0.3401798903942108,1.7811195382240435,1.249211356466877,0.4069400630914827,0.5664,,True,True,4,2.757929,5.246645,bridge_shift,Standard Pop,Radio-Ready (Mid-Range Baseline Production),pentagon
Haunted (Taylors Version),Speak Now (TV),0.6361811757087708,0.47048693895339966,0.9194074766355165,1.1869158878504673,0.3333333333333333,0.7263000000000001,,True,True,3,1.3223969,8.576133,syllable_density,Revenge Anthem,"Angst & Power (High Energy, Low Valence)",pentagon
Last Kiss (Taylors Version),Speak Now (TV),0.6112896203994751,0.5311007499694824,1.1852709359605917,1.1477832512315271,0.3694581280788177,-0.09149999999999991,,True,True,3,0.55788773,9.190076,lexical_diversity,Revenge Anthem,"Angst & Power (High Energy, Low Valence)",pentagon
Long Live (Taylors Version),Speak Now (TV),0.6162254810333252,0.3032895624637604,1.0978644576110028,1.1791383219954648,0.3832199546485261,1.6637,,True,True,4,2.0769324,3.3061922,bridge_shift,Standard Pop,Radio-Ready (Mid-Range Baseline Production),pentagon
Ours (Taylors Version),Speak Now (TV),0.603702962398529,0.3075021803379059,1.444646464646464,1.1919191919191918,0.4478114478114478,0.05249999999999999,,True,True,1,1.5085568,6.1501074,lexical_diversity,Fountain Pen,Modern Confessional (Specific Storytelling),pentagon
Superman (Taylors Version),Speak Now (TV),0.5351870059967041,0.4907694458961487,1.5750499156016389,1.2281167108753315,0.3448275862068966,-0.8629,,True,True,3,0.53959715,7.051709,bridge_shift,Revenge Anthem,"Angst & Power (High Energy, Low Valence)",pentagon
Electric Touch (Taylors Version) [From the Vault],Speak Now (TV),0.6517714858055115,0.45935603976249695,1.8767589020771531,1.173913043478261,0.37681159420289856,0.6007,,True,True,3,1.5391337,8.545054,reading_grade,Revenge Anthem,"Angst & Power (High Energy, Low Valence)",pentagon
When Emma Falls in Love (Taylors Version) [From the Vault],Speak Now (TV),0.6320674419403076,0.46691304445266724,1.4790026178010507,1.130890052356021,0.38219895287958117,-0.07410000000000005,,True,True,3,0.7089437,9.299967,lexical_diversity,Revenge Anthem,"Angst & Power (High Energy, Low Valence)",pentagon
I Can See You (Taylors Version) [From The Vault],Speak Now (TV),0.6460415124893188,0.5311274528503418,1.1425335988053753,1.1414634146341462,0.2975609756097561,-0.8330000000000001,,True,True,3,-0.9450914,7.2879896,valence,Revenge Anthem,"Angst & Power (High Energy, Low Valence)",pentagon
Castles Crumbling (Taylors Version) [From The Vault],Speak Now (TV),0.5386614799499512,0.3004891872406006,1.3471324151727337,1.1761006289308176,0.4056603773584906,-1.6973,,True,True,1,0.48675942,6.5216846,bridge_shift,Fountain Pen,Modern Confessional (Specific Storytelling),pentagon
Foolish One (Taylors Version) [From The Vault],Speak Now (TV),0.5254137516021729,0.3980293571949005,2.4434789014856975,1.2407809110629067,0.37310195227765725,-0.17970000000000008,,True,True,2,3.4694948,6.504552,valence,Glitter Gel Pen,"Frivolous & Upbeat (High Energy, High Valence)",pentagon
Timeless (Taylors Version) [From The Vault],Speak Now (TV),0.47249284386634827,0.31431809067726135,1.7609437890353945,1.2080152671755726,0.4122137404580153,-0.5749,,True,True,1,1.240007,5.7515497,bridge_shift,Fountain Pen,Modern Confessional (Specific Storytelling),pentagon
Welcome To New York (Taylors Version),1989 (TV),0.5687433481216431,0.3678125739097595,2.468271535316511,1.2514450867052023,0.28034682080924855,0.4938,,True,True,4,2.967724,6.60775,lexical_diversity,Standard Pop,Radio-Ready (Mid-Range Baseline Production),square
Blank Space (Taylors Version),1989 (TV),0.4752426743507385,0.32874003052711487,0.6555118184386473,1.167953667953668,0.3803088803088803,-0.5277000000000001,,True,True,1,-0.39945537,5.559844,bridge_shift,Fountain Pen,Modern Confessional (Specific Storytelling),square
Style (Taylors Version),1989 (TV),0.6774960160255432,0.5110428333282471,1.1142857142857174,1.1071428571428572,0.35459183673469385,-0.34090000000000004,,True,True,3,0.6162174,9.190689,valence,Revenge Anthem,"Angst & Power (High Energy, Low Valence)",square
Out Of The Woods (Taylors Version),1989 (TV),0.730658769607544,0.38469958305358887,0.05936876922363865,1.0923994038748137,0.18181818181818182,0.6156,,True,True,0,-1.9863627,6.61484,reading_grade,Quill Pen,"Poetic & Archaic (High Complexity, Low Energy)",square
All You Had To Do Was Stay (Taylors Version),1989 (TV),0.6328478455543518,0.48029980063438416,-0.08971877584780685,1.064102564102564,0.20726495726495728,-1.7311,,True,True,0,-1.2887167,6.8947964,syllable_density,Quill Pen,"Poetic & Archaic (High Complexity, Low Energy)",square
Shake It Off (Taylors Version),1989 (TV),0.6504842042922974,0.4063597619533539,0.7090588683075367,1.1154529307282415,0.2291296625222025,0.24050000000000005,,True,True,0,-1.6032581,6.57079,reading_grade,Quill Pen,"Poetic & Archaic (High Complexity, Low Energy)",square
I Wish You Would (Taylors Version),1989 (TV),0.7216660976409912,0.5822705626487732,0.491532875214741,1.0697329376854599,0.16913946587537093,0.4284,,True,True,0,-1.8602679,6.864539,syllable_density,Quill Pen,"Poetic & Archaic (High Complexity, Low Energy)",square
Bad Blood (Taylors Version),1989 (TV),0.5895436406135559,0.34521859884262085,-0.1138800545206724,1.0806451612903225,0.2620967741935484,1.1534,,True,True,0,-2.0937557,6.2116485,reading_grade,Quill Pen,"Poetic & Archaic (High Complexity, Low Energy)",square
Wildest Dreams (Taylors Version),1989 (TV),0.6344670653343201,0.5019945502281189,1.061394902234639,1.2262569832402235,0.3659217877094972,-0.7592,,True,True,3,0.22825691,7.151356,bridge_shift,Revenge Anthem,"Angst & Power (High Energy, Low Valence)",square
How You Get The Girl (Taylors Version),1989 (TV),0.5523213744163513,0.27065956592559814,0.6406185567010318,1.1288659793814433,0.2654639175257732,-0.516,,True,True,0,-1.1598848,5.878457,reading_grade,Quill Pen,"Poetic & Archaic (High Complexity, Low Energy)",square
This Love (Taylors Version),1989 (TV),0.6327201724052429,0.45689165592193604,0.7108510638297858,1.1170212765957446,0.2712765957446808,0.2005,,True,True,0,-1.5623833,6.5660043,syllable_density,Quill Pen,"Poetic & Archaic (High Complexity, Low Energy)",square
I Know Places (Taylors Version),1989 (TV),0.611399233341217,0.33856332302093506,1.795198412698415,1.1841269841269841,0.37777777777777777,1.6093000000000002,,True,True,4,2.2779992,3.4318368,bridge_shift,Standard Pop,Radio-Ready (Mid-Range Baseline Production),square
Clean (Taylors Version),1989 (TV),0.4972750246524811,0.27580440044403076,2.359956566172716,1.2524271844660195,0.37216828478964403,1.5729,,True,True,4,2.4045005,4.0461164,bridge_shift,Standard Pop,Radio-Ready (Mid-Range Baseline Production),square
Wonderland (Taylors Version),1989 (TV),0.6963635683059692,0.49471527338027954,2.7541560102301794,1.2736572890025575,0.37595907928388744,0.10379999999999998,,True,True,2,3.7453887,7.2658257,reading_grade,Glitter Gel Pen,"Frivolous & Upbeat (High Energy, High Valence)",square
You Are In Love (Taylors Version),1989 (TV),0.6365207433700562,0.4450082778930664,1.3072167487684716,1.089655172413793,0.3103448275862069,-1.7221000000000002,,True,True,3,-1.191258,7.0662184,syllable_density,Revenge Anthem,"Angst & Power (High Energy, Low Valence)",square
New Romantics (Taylors Version),1989 (TV),0.6983014345169067,0.5225101709365845,2.654277799453766,1.2660944206008584,0.315450643776824,1.8474,,True,True,2,3.0745697,8.311355,bridge_shift,Glitter Gel Pen,"Frivolous & Upbeat (High Energy, High Valence)",square
Slut! (Taylors Version) [From the Vault],1989 (TV),0.3280925452709198,0.23051346838474274,0.8212143040905602,1.1479289940828403,0.4467455621301775,1.508,,True,True,4,1.2733426,3.703555,bridge_shift,Standard Pop,Radio-Ready (Mid-Range Baseline Production),square
Say Dont Go (Taylors Version) [From the Vault],1989 (TV),0.5785815119743347,0.4025106132030487,0.12818275226757514,1.1043083900226758,0.29931972789115646,1.5929,,True,True,0,-2.085981,6.05159,reading_grade,Quill Pen,"Poetic & Archaic (High Complexity, Low Energy)",square
Now That We Dont Talk (Taylors Version) [From the Vault],1989 (TV),0.4985433518886566,0.3951047956943512,1.0224468085106402,1.148936170212766,0.48936170212765956,0.42460000000000003,,True,True,1,0.42559367,5.716831,lexical_diversity,Fountain Pen,Modern Confessional (Specific Storytelling),square
Suburban Legends (Taylors Version) [From the Vault],1989 (TV),0.7305861711502075,0.28728607296943665,2.5203727256668422,1.261437908496732,0.434640522875817,-0.7178,,True,True,2,4.4123306,5.8914843,bridge_shift,Glitter Gel Pen,"Frivolous & Upbeat (High Energy, High Valence)",square
Is It Over Now? (Taylors Version) [From the Vault],1989 (TV),0.6371641159057617,0.375386506319046,1.8841383347593101,1.191142191142191,0.36363636363636365,-0.20429999999999993,,True,True,3,2.0728235,6.8478765,reading_grade,Revenge Anthem,"Angst & Power (High Energy, Low Valence)",square
Fortnight,TTPD: The Anthology,0.6724319458007812,0.528087854385376,2.667052624558128,1.322884012539185,0.3510971786833856,0.047900000000000054,,True,True,2,3.9130542,7.220362,syllable_density,Glitter Gel Pen,"Frivolous & Upbeat (High Energy, High Valence)",octagon
The Tortured Poets Department,TTPD: The Anthology,0.6607244610786438,0.4910603165626526,2.5428186274509805,1.3259803921568627,0.375,-1.1817,,True,True,2,4.5482874,6.5161624,bridge_shift,Glitter Gel Pen,"Frivolous & Upbeat (High Energy, High Valence)",octagon
My Boy Only Breaks His Favorite Toys,TTPD: The Anthology,0.4212334156036377,0.41339436173439026,1.3767605633802837,1.1971830985915493,0.5,-1.2121,,True,True,1,4.590916,3.6017118,lexical_diversity,Fountain Pen,Modern Confessional (Specific Storytelling),octagon
Down Bad,TTPD: The Anthology,0.5884434580802917,0.326432466506958,0.6569047619047623,1.1292372881355932,0.3072033898305085,0.9809999999999999,,True,True,0,-1.8702016,5.783242,reading_grade,Quill Pen,"Poetic & Archaic (High Complexity, Low Energy)",octagon
"So Long, London",TTPD: The Anthology,0.3752323389053345,0.3709471821784973,1.335756149732621,1.1871657754010696,0.5561497326203209,1.2683,,True,True,1,3.1544595,3.523659,lexical_diversity,Fountain Pen,Modern Confessional (Specific Storytelling),octagon
But Daddy I Love Him,TTPD: The Anthology,0.3680209517478943,0.3221140503883362,1.5065856129685962,1.2269503546099292,0.44148936170212766,1.1306,,True,True,4,2.8711495,3.8042529,bridge_shift,Standard Pop,Radio-Ready (Mid-Range Baseline Production),octagon
Fresh Out The Slammer,TTPD: The Anthology,0.6888028383255005,0.3847656846046448,2.496781943546651,1.2673992673992673,0.5384615384615384,-0.328,,True,True,2,4.898922,5.694909,lexical_diversity,Glitter Gel Pen,"Frivolous & Upbeat (High Energy, High Valence)",octagon
Florida!!!,TTPD: The Anthology,0.5106512308120728,0.35423511266708374,2.4170335429769416,1.2605633802816902,0.3779342723004695,-0.3275,,True,True,2,3.666705,6.200798,valence,Glitter Gel Pen,"Frivolous & Upbeat (High Energy, High Valence)",octagon
Guilty as Sin?,TTPD: The Anthology,0.42143362760543823,0.40017908811569214,2.05162139643393,1.2662889518413598,0.48158640226628896,0.3325,,True,True,1,3.7967405,4.3256965,lexical_diversity,Fountain Pen,Modern Confessional (Specific Storytelling),octagon
Whos Afraid of Little Old Me?,TTPD: The Anthology,0.6337333917617798,0.48196670413017273,1.024150413481042,1.1561085972850678,0.38009049773755654,-0.08360000000000001,,True,True,3,0.6792215,9.402518,lexical_diversity,Revenge Anthem,"Angst & Power (High Energy, Low Valence)",octagon
I Can Fix Him (No Really I Can),TTPD: The Anthology,0.5112344026565552,0.4362122416496277,1.074536719286204,1.1617021276595745,0.5148936170212766,-0.1994999999999999,,True,True,1,0.39315495,5.7006516,lexical_diversity,Fountain Pen,Modern Confessional (Specific Storytelling),octagon
loml,TTPD: The Anthology,0.39362141489982605,0.40995553135871887,2.2166682056017244,1.2880886426592797,0.5623268698060941,-1.3308,,True,True,1,4.705145,4.3352656,lexical_diversity,Fountain Pen,Modern Confessional (Specific Storytelling),octagon
I Can Do It With a Broken Heart,TTPD: The Anthology,0.6543481349945068,0.43693971633911133,1.3437179487179485,1.1633165829145728,0.3693467336683417,0.128,,True,True,3,0.91475904,9.367908,lexical_diversity,Revenge Anthem,"Angst & Power (High Energy, Low Valence)",octagon
The Smallest Man Who Ever Lived,TTPD: The Anthology,0.4212334156036377,0.4275302290916443,1.7538056959118045,1.22508038585209,0.5273311897106109,-1.6195,,True,True,1,4.7009625,3.7171366,lexical_diversity,Fountain Pen,Modern Confessional (Specific Storytelling),octagon
The Alchemy,TTPD: The Anthology,0.5909285545349121,0.397996723651886,1.4338888888888874,1.2138888888888888,0.36666666666666664,-0.07289999999999996,,True,True,3,1.7333245,7.052395,syllable_density,Revenge Anthem,"Angst & Power (High Energy, Low Valence)",octagon
Clara Bow,TTPD: The Anthology,0.47302231192588806,0.413654088973999,1.3721986417657028,1.216867469879518,0.5622489959839357,-0.9243,,True,True,1,4.5090547,3.5267458,lexical_diversity,Fountain Pen,Modern Confessional (Specific Storytelling),octagon
Fortnight,TTPD: The Anthology: The Anthology,0.6724319458007812,0.528087854385376,2.667052624558128,1.322884012539185,0.3510971786833856,0.047900000000000054,,True,True,2,3.9901056,7.266011,syllable_density,Glitter Gel Pen,"Frivolous & Upbeat (High Energy, High Valence)",hexagram
The Tortured Poets Department,TTPD: The Anthology: The Anthology,0.6607244610786438,0.4910603165626526,2.5428186274509805,1.3259803921568627,0.375,-1.1817,,True,True,2,4.559211,6.62119,bridge_shift,Glitter Gel Pen,"Frivolous & Upbeat (High Energy, High Valence)",hexagram
My Boy Only Breaks His Favorite Toys,TTPD: The Anthology: The Anthology,0.4212334156036377,0.41339436173439026,1.3767605633802837,1.1971830985915493,0.5,-1.2121,,True,True,1,4.5943093,3.566848,lexical_diversity,Fountain Pen,Modern Confessional (Specific Storytelling),hexagram
Down Bad,TTPD: The Anthology: The Anthology,0.5884434580802917,0.326432466506958,0.6569047619047623,1.1292372881355932,0.3072033898305085,0.9809999999999999,,True,True,0,-1.913751,5.7657022,reading_grade,Quill Pen,"Poetic & Archaic (High Complexity, Low Energy)",hexagram
"So Long, London",TTPD: The Anthology: The Anthology,0.3752323389053345,0.3709471821784973,1.335756149732621,1.1871657754010696,0.5561497326203209,1.2683,,True,True,1,3.1854217,3.41993,lexical_diversity,Fountain Pen,Modern Confessional (Specific Storytelling),hexagram
But Daddy I Love Him,TTPD: The Anthology: The Anthology,0.3680209517478943,0.3221140503883362,1.5065856129685962,1.2269503546099292,0.44148936170212766,1.1306,,True,True,4,2.9368305,3.8188314,bridge_shift,Standard Pop,Radio-Ready (Mid-Range Baseline Production),hexagram
Fresh Out The Slammer,TTPD: The Anthology: The Anthology,0.6888028383255005,0.3847656846046448,2.496781943546651,1.2673992673992673,0.5384615384615384,-0.328,,True,True,2,4.8672333,5.6152,lexical_diversity,Glitter Gel Pen,"Frivolous & Upbeat (High Energy, High Valence)",hexagram
Florida!!!,TTPD: The Anthology: The Anthology,0.5106512308120728,0.35423511266708374,2.4170335429769416,1.2605633802816902,0.3779342723004695,-0.3275,,True,True,2,3.6152754,6.246676,valence,Glitter Gel Pen,"Frivolous & Upbeat (High Energy, High Valence)",hexagram
Guilty as Sin?,TTPD: The Anthology: The Anthology,0.42143362760543823,0.40017908811569214,2.05162139643393,1.2662889518413598,0.48158640226628896,0.3325,,True,True,1,3.7769804,4.25178,lexical_diversity,Fountain Pen,Modern Confessional (Specific Storytelling),hexagram
Whos Afraid of Little Old Me?,TTPD: The Anthology: The Anthology,0.6337333917617798,0.48196670413017273,1.024150413481042,1.1561085972850678,0.38009049773755654,-0.08360000000000001,,True,True,3,0.7707861,9.519499,lexical_diversity,Revenge Anthem,"Angst & Power (High Energy, Low Valence)",hexagram
I Can Fix Him (No Really I Can),TTPD: The Anthology: The Anthology,0.5112344026565552,0.4362122416496277,1.074536719286204,1.1617021276595745,0.5148936170212766,-0.1994999999999999,,True,True,1,0.43879703,5.715709,lexical_diversity,Fountain Pen,Modern Confessional (Specific Storytelling),hexagram
loml,TTPD: The Anthology: The Anthology,0.39362141489982605,0.40995553135871887,2.2166682056017244,1.2880886426592797,0.5623268698060941,-1.3308,,True,True,1,4.7068605,4.300551,lexical_diversity,Fountain Pen,Modern Confessional (Specific Storytelling),hexagram
I Can Do It With a Broken Heart,TTPD: The Anthology: The Anthology,0.6543481349945068,0.43693971633911133,1.3437179487179485,1.1633165829145728,0.3693467336683417,0.128,,True,True,3,0.9103503,9.462624,lexical_diversity,Revenge Anthem,"Angst & Power (High Energy, Low Valence)",hexagram
The Smallest Man Who Ever Lived,TTPD: The Anthology: The Anthology,0.4212334156036377,0.4275302290916443,1.7538056959118045,1.22508038585209,0.5273311897106109,-1.6195,,True,True,1,4.697671,3.719617,lexical_diversity,Fountain Pen,Modern Confessional (Specific Storytelling),hexagram
The Alchemy,TTPD: The Anthology: The Anthology,0.5909285545349121,0.397996723651886,1.4338888888888874,1.2138888888888888,0.36666666666666664,-0.07289999999999996,,True,True,3,1.7910173,6.967814,syllable_density,Revenge Anthem,"Angst & Power (High Energy, Low Valence)",hexagram
Clara Bow,TTPD: The Anthology: The Anthology,0.47302231192588806,0.413654088973999,1.3721986417657028,1.216867469879518,0.5622489959839357,-0.9243,,True,True,1,4.500564,3.699503,lexical_diversity,Fountain Pen,Modern Confessional (Specific Storytelling),hexagram
The Black Dog,TTPD: The Anthology: The Anthology,0.5098091959953308,0.4120897948741913,1.7034782608695664,1.25,0.5,-0.5472,,True,True,1,4.358788,3.8582132,lexical_diversity,Fountain Pen,Modern Confessional (Specific Storytelling),hexagram
imgonnagetyouback,TTPD: The Anthology: The Anthology,0.5724712014198303,0.3595808446407318,2.004181428072453,1.215158924205379,0.3960880195599022,-1.503,,True,True,1,0.7558047,6.747239,bridge_shift,Fountain Pen,Modern Confessional (Specific Storytelling),hexagram
The Albatross,TTPD: The Anthology: The Anthology,0.446085125207901,0.3780709505081177,1.3648376259798418,1.263157894736842,0.5465587044534413,0.05609999999999998,,True,True,1,3.974439,3.8337586,lexical_diversity,Fountain Pen,Modern Confessional (Specific Storytelling),hexagram
Chloe or Sam or Sophia or Marcus,TTPD: The Anthology: The Anthology,0.60750412940979,0.30136337876319885,2.176183093392396,1.2634920634920634,0.4603174603174603,0.9301999999999999,,True,True,4,3.2686665,5.042863,bridge_shift,Standard Pop,Radio-Ready (Mid-Range Baseline Production),hexagram
How Did It End?,TTPD: The Anthology: The Anthology,0.49260351061820984,0.3821483552455902,2.4384152562021804,1.330396475770925,0.5947136563876652,-0.5423,,True,True,2,4.750981,4.7280383,lexical_diversity,Glitter Gel Pen,"Frivolous & Upbeat (High Energy, High Valence)",hexagram
So High School,TTPD: The Anthology: The Anthology,0.5030465126037598,0.50421142578125,1.5616823308270682,1.218045112781955,0.39348370927318294,-0.6369,,True,True,1,0.93424237,6.9485693,bridge_shift,Fountain Pen,Modern Confessional (Specific Storytelling),hexagram
I Hate It Here,TTPD: The Anthology: The Anthology,0.5992448329925537,0.3213752508163452,2.48608580858086,1.2351485148514851,0.4183168316831683,0.8952,,True,True,4,3.1781445,5.0263686,bridge_shift,Standard Pop,Radio-Ready (Mid-Range Baseline Production),hexagram
thanK you aIMee,TTPD: The Anthology: The Anthology,0.6601994037628174,0.34393173456192017,1.858725055432373,1.170731707317073,0.4097560975609756,1.0977999999999999,,True,True,4,2.366947,3.4979734,bridge_shift,Standard Pop,Radio-Ready (Mid-Range Baseline Production),hexagram
I Look in Peoples Windows,TTPD: The Anthology: The Anthology,0.3719501793384552,0.3119341731071472,1.3057150837988836,1.23463687150838,0.547486033519553,0.8225,,True,True,1,3.2847424,3.5212028,lexical_diversity,Fountain Pen,Modern Confessional (Specific Storytelling),hexagram
The Prophecy,TTPD: The Anthology: The Anthology,0.558336079120636,0.33737581968307495,1.4359791086350988,1.2451253481894151,0.415041782729805,0.4068,,True,True,4,2.2315385,5.7905264,bridge_shift,Standard Pop,Radio-Ready (Mid-Range Baseline Production),hexagram
Cassandra,TTPD: The Anthology: The Anthology,0.6509076356887817,0.5077406764030457,1.0447744490358168,1.159779614325069,0.35537190082644626,-0.8456,,True,True,3,-0.5719357,7.4760222,lexical_diversity,Revenge Anthem,"Angst & Power (High Energy, Low Valence)",hexagram
Peter,TTPD: The Anthology: The Anthology,0.6599528193473816,0.5005174279212952,1.3358175930922833,1.2224770642201834,0.34174311926605505,-0.2718999999999999,,True,True,3,1.7901655,7.531017,syllable_density,Revenge Anthem,"Angst & Power (High Energy, Low Valence)",hexagram
The Bolter,TTPD: The Anthology: The Anthology,0.5911597013473511,0.4522748589515686,1.1633377881724023,1.2341463414634146,0.44390243902439025,-0.09289999999999998,,True,True,1,1.5203977,6.7338543,lexical_diversity,Fountain Pen,Modern Confessional (Specific Storytelling),hexagram
Robin,TTPD: The Anthology: The Anthology,0.6273568868637085,0.3737437427043915,2.5563329928498497,1.3595505617977528,0.5337078651685393,1.3856000000000002,,True,True,2,4.2954803,5.3036923,bridge_shift,Glitter Gel Pen,"Frivolous & Upbeat (High Energy, High Valence)",hexagram
The Manuscript,TTPD: The Anthology: The Anthology,0.6922803521156311,0.41150370240211487,2.572688172043012,1.2833333333333334,0.6083333333333333,-1.2558,,True,True,2,4.963312,5.485933,lexical_diversity,Glitter Gel Pen,"Frivolous & Upbeat (High Energy, High Valence)",hexagram
The Fate of Ophelia,The Life of a Showgirl,0.6445335745811462,0.41536882519721985,1.7967142605323474,1.221505376344086,0.33763440860215055,-1.5911,,True,True,3,0.39155602,7.261766,bridge_shift,Revenge Anthem,"Angst & Power (High Energy, Low Valence)",hourglass
Elizabeth Taylor,The Life of a Showgirl,0.5848758220672607,0.49135664105415344,2.8043779816513776,1.2706422018348624,0.33256880733944955,-0.4346000000000001,,True,True,2,3.8468325,7.0469513,bridge_shift,Glitter Gel Pen,"Frivolous & Upbeat (High Energy, High Valence)",hourglass
Opalite,The Life of a Showgirl,0.5333227515220642,0.37032586336135864,0.4959755705560944,1.142156862745098,0.3700980392156863,0.06979999999999997,,True,True,0,-0.702479,5.8090124,reading_grade,Quill Pen,"Poetic & Archaic (High Complexity, Low Energy)",hourglass
Father Figure,The Life of a Showgirl,0.6435360908508301,0.31610798835754395,2.697414486921531,1.2704225352112677,0.4253521126760563,-0.5809,,True,True,2,4.300369,5.967926,bridge_shift,Glitter Gel Pen,"Frivolous & Upbeat (High Energy, High Valence)",hourglass
Eldest Daughter,The Life of a Showgirl,0.515662670135498,0.43673378229141235,2.8157234314980784,1.3464788732394366,0.428169014084507,1.3658000000000001,,True,True,2,4.1518116,5.237574,bridge_shift,Glitter Gel Pen,"Frivolous & Upbeat (High Energy, High Valence)",hourglass
Ruin The Friendship,The Life of a Showgirl,0.6213196516036987,0.46093663573265076,3.174091981132076,1.390625,0.484375,0.923,,True,True,2,4.408639,5.3144255,lexical_diversity,Glitter Gel Pen,"Frivolous & Upbeat (High Energy, High Valence)",hourglass
Actually Romantic,The Life of a Showgirl,0.6710022687911987,0.45548462867736816,2.9191289198606256,1.3428571428571427,0.475,-0.33320000000000005,,True,True,2,4.7480474,5.8968368,lexical_diversity,Glitter Gel Pen,"Frivolous & Upbeat (High Energy, High Valence)",hourglass
Wi$h Li$t,The Life of a Showgirl,0.6452008485794067,0.5804186463356018,1.2537253456221222,1.140552995391705,0.33640552995391704,0.0797,,True,True,3,0.4782283,9.15972,valence,Revenge Anthem,"Angst & Power (High Energy, Low Valence)",hourglass
Wood,The Life of a Showgirl,0.6591180562973022,0.4729466438293457,2.6609542273501035,1.2443729903536977,0.3665594855305466,0.0767,,True,True,2,3.4709055,7.134487,reading_grade,Glitter Gel Pen,"Frivolous & Upbeat (High Energy, High Valence)",hourglass
CANCELLED!,The Life of a Showgirl,0.7101919054985046,0.4194258749485016,2.6926373441186406,1.2713178294573644,0.4806201550387597,-0.8977,,True,True,2,4.8722224,5.836124,lexical_diversity,Glitter Gel Pen,"Frivolous & Upbeat (High Energy, High Valence)",hourglass
Honey,The Life of a Showgirl,0.6502392292022705,0.4205784499645233,1.6030479496637007,1.2052505966587113,0.33651551312649164,-0.3287,,True,True,3,1.9365189,7.247073,lexical_diversity,Revenge Anthem,"Angst & Power (High Energy, Low Valence)",hourglass
The Life of a Showgirl,The Life of a Showgirl,0.6209211945533752,0.27502748370170593,2.481765570599613,1.2765151515151516,0.42045454545454547,-0.0258,,True,True,2,3.6569202,5.8644347,syllable_density,Glitter Gel Pen,"Frivolous & Upbeat (High Energy, High Valence)",hourglass
Speak Now,Speak Now,0.599,0.735,0.7474301760777173,1.150462962962963,0.3541666666666667,-0.593,"vow, single, church, away, meet",False,False,3,-0.77363396,8.6091175,valence,Revenge Anthem,"Angst & Power (High Energy, Low Valence)",hexagon
